case_id,category,status,iterations,time_seconds,final_mtow,final_wing_area,final_cg,final_static_margin,final_cruise_power,final_endurance,final_score
FW-C-001,Long Endurance,Failed,1,3.208,0.0,0.0,0.0,0.0,0.0,0.0,N/A
FW-C-002,Long Endurance,Failed,1,1.184,0.0,0.0,0.0,0.0,0.0,0.0,N/A
FW-C-003,Mapping,Failed,1,3.442,0.0,0.0,0.0,0.0,0.0,0.0,N/A
FW-C-004,Survey,Failed,1,3.26,0.0,0.0,0.0,0.0,0.0,0.0,N/A
FW-C-005,Cargo,Failed,1,3.529,0.0,0.0,0.0,0.0,0.0,0.0,N/A
FW-C-006,Cargo,Failed,1,3.106,0.0,0.0,0.0,0.0,0.0,0.0,N/A
FW-C-007,Survey,Failed,1,3.642,0.0,0.0,0.0,0.0,0.0,0.0,N/A
FW-C-008,Mapping,Failed,1,3.473,0.0,0.0,0.0,0.0,0.0,0.0,N/A
FW-C-009,Cargo,Failed,1,4.359,0.0,0.0,0.0,0.0,0.0,0.0,N/A
FW-C-010,Surveillance,Failed,1,4.263,0.0,0.0,0.0,0.0,0.0,0.0,N/A
FW-C-011,Survey,Failed,1,4.325,0.0,0.0,0.0,0.0,0.0,0.0,N/A
FW-C-012,Custom,Failed,1,4.517,0.0,0.0,0.0,0.0,0.0,0.0,N/A
FW-C-013,Training,Failed,1,2.093,0.0,0.0,0.0,0.0,0.0,0.0,N/A
FW-C-014,Racing,Failed,1,1.804,0.0,0.0,0.0,0.0,0.0,0.0,N/A
FW-C-015,Surveillance,Failed,1,1.867,0.0,0.0,0.0,0.0,0.0,0.0,N/A
FW-C-016,Long Endurance,Failed,1,2.311,0.0,0.0,0.0,0.0,0.0,0.0,N/A
FW-C-017,Research,Failed,1,2.277,0.0,0.0,0.0,0.0,0.0,0.0,N/A
FW-C-018,Custom,Failed,1,2.02,0.0,0.0,0.0,0.0,0.0,0.0,N/A
FW-C-019,Custom,Failed,1,2.244,0.0,0.0,0.0,0.0,0.0,0.0,N/A
FW-C-020,Research,Failed,1,2.101,0.0,0.0,0.0,0.0,0.0,0.0,N/A
FW-C-021,Cargo,Failed,1,1.944,0.0,0.0,0.0,0.0,0.0,0.0,N/A
FW-C-022,Custom,Failed,1,1.598,0.0,0.0,0.0,0.0,0.0,0.0,N/A
FW-C-023,Cargo,Failed,1,1.701,0.0,0.0,0.0,0.0,0.0,0.0,N/A
FW-C-024,Research,Failed,1,1.772,0.0,0.0,0.0,0.0,0.0,0.0,N/A
FW-C-025,Training,Failed,1,0.628,0.0,0.0,0.0,0.0,0.0,0.0,N/A
FW-C-026,Cargo,Failed,1,1.853,0.0,0.0,0.0,0.0,0.0,0.0,N/A
FW-C-027,Racing,Failed,1,1.837,0.0,0.0,0.0,0.0,0.0,0.0,N/A
FW-C-028,Mapping,Failed,1,1.867,0.0,0.0,0.0,0.0,0.0,0.0,N/A
FW-C-029,Surveillance,Failed,1,1.799,0.0,0.0,0.0,0.0,0.0,0.0,N/A
FW-C-030,Cargo,Failed,1,1.698,0.0,0.0,0.0,0.0,0.0,0.0,N/A
FW-C-031,Long Endurance,Failed,1,1.717,0.0,0.0,0.0,0.0,0.0,0.0,N/A
FW-C-032,Mapping,Failed,1,1.689,0.0,0.0,0.0,0.0,0.0,0.0,N/A
FW-C-033,Surveillance,Failed,1,1.716,0.0,0.0,0.0,0.0,0.0,0.0,N/A
FW-C-034,Racing,Failed,1,1.944,0.0,0.0,0.0,0.0,0.0,0.0,N/A
FW-C-035,Racing,Failed,1,1.74,0.0,0.0,0.0,0.0,0.0,0.0,N/A
FW-C-036,Research,Failed,1,1.689,0.0,0.0,0.0,0.0,0.0,0.0,N/A
FW-C-037,Long Endurance,Failed,1,1.699,0.0,0.0,0.0,0.0,0.0,0.0,N/A
FW-C-038,Research,Failed,1,1.683,0.0,0.0,0.0,0.0,0.0,0.0,N/A
FW-C-039,Custom,Failed,1,1.68,0.0,0.0,0.0,0.0,0.0,0.0,N/A
FW-C-040,Racing,Failed,1,1.915,0.0,0.0,0.0,0.0,0.0,0.0,N/A
FW-C-041,Racing,Failed,1,1.751,0.0,0.0,0.0,0.0,0.0,0.0,N/A
FW-C-042,Cargo,Failed,1,1.667,0.0,0.0,0.0,0.0,0.0,0.0,N/A
FW-C-043,Research,Failed,1,1.964,0.0,0.0,0.0,0.0,0.0,0.0,N/A
FW-C-044,Cargo,Failed,1,2.206,0.0,0.0,0.0,0.0,0.0,0.0,N/A
FW-C-045,Mapping,Failed,1,1.964,0.0,0.0,0.0,0.0,0.0,0.0,N/A
FW-C-046,Cargo,Failed,1,1.581,0.0,0.0,0.0,0.0,0.0,0.0,N/A
FW-C-047,Surveillance,Failed,1,1.847,0.0,0.0,0.0,0.0,0.0,0.0,N/A
FW-C-048,Racing,Failed,1,1.67,0.0,0.0,0.0,0.0,0.0,0.0,N/A
FW-C-049,Cargo,Failed,1,1.571,0.0,0.0,0.0,0.0,0.0,0.0,N/A
FW-C-050,Survey,Failed,1,1.581,0.0,0.0,0.0,0.0,0.0,0.0,N/A
FW-C-051,Mapping,Failed,1,1.579,0.0,0.0,0.0,0.0,0.0,0.0,N/A
FW-C-052,Survey,Failed,1,1.57,0.0,0.0,0.0,0.0,0.0,0.0,N/A
FW-C-053,Custom,Converged,2,3.433,7.58,0.3771,0.538,0.148,278.6,34.5,0.8579
FW-C-054,Surveillance,Failed,1,1.595,0.0,0.0,0.0,0.0,0.0,0.0,N/A
FW-C-055,Agriculture,Failed,1,0.699,0.0,0.0,0.0,0.0,0.0,0.0,N/A
FW-C-056,Agriculture,Failed,1,3.357,0.0,0.0,0.0,0.0,0.0,0.0,N/A
FW-C-057,Training,Failed,1,1.286,0.0,0.0,0.0,0.0,0.0,0.0,N/A
FW-C-058,Custom,Failed,1,3.787,0.0,0.0,0.0,0.0,0.0,0.0,N/A
FW-C-059,Custom,Failed,1,1.797,0.0,0.0,0.0,0.0,0.0,0.0,N/A
FW-C-060,Training,Failed,1,1.771,0.0,0.0,0.0,0.0,0.0,0.0,N/A
FW-C-061,Agriculture,Failed,1,0.701,0.0,0.0,0.0,0.0,0.0,0.0,N/A
FW-C-062,Agriculture,Failed,1,1.21,0.0,0.0,0.0,0.0,0.0,0.0,N/A
FW-C-063,Surveillance,Failed,1,2.138,0.0,0.0,0.0,0.0,0.0,0.0,N/A
FW-C-064,Racing,Failed,1,1.634,0.0,0.0,0.0,0.0,0.0,0.0,N/A
FW-C-065,Long Endurance,Failed,1,1.868,0.0,0.0,0.0,0.0,0.0,0.0,N/A
FW-C-066,Surveillance,Failed,1,1.632,0.0,0.0,0.0,0.0,0.0,0.0,N/A
FW-C-067,Surveillance,Failed,1,1.63,0.0,0.0,0.0,0.0,0.0,0.0,N/A
FW-C-068,Agriculture,Failed,1,0.678,0.0,0.0,0.0,0.0,0.0,0.0,N/A
FW-C-069,Long Endurance,Failed,1,1.855,0.0,0.0,0.0,0.0,0.0,0.0,N/A
FW-C-070,Research,Failed,1,1.683,0.0,0.0,0.0,0.0,0.0,0.0,N/A
FW-C-071,Training,Failed,1,0.735,0.0,0.0,0.0,0.0,0.0,0.0,N/A
FW-C-072,Training,Failed,1,1.655,0.0,0.0,0.0,0.0,0.0,0.0,N/A
FW-C-073,Cargo,Failed,1,1.692,0.0,0.0,0.0,0.0,0.0,0.0,N/A
FW-C-074,Custom,Failed,1,1.682,0.0,0.0,0.0,0.0,0.0,0.0,N/A
FW-C-075,Cargo,Failed,1,1.628,0.0,0.0,0.0,0.0,0.0,0.0,N/A
FW-C-076,Research,Failed,1,1.835,0.0,0.0,0.0,0.0,0.0,0.0,N/A
FW-C-077,Survey,Failed,1,1.661,0.0,0.0,0.0,0.0,0.0,0.0,N/A
FW-C-078,Training,Failed,1,0.687,0.0,0.0,0.0,0.0,0.0,0.0,N/A
FW-C-079,Survey,Failed,1,1.85,0.0,0.0,0.0,0.0,0.0,0.0,N/A
FW-C-080,Survey,Failed,1,1.623,0.0,0.0,0.0,0.0,0.0,0.0,N/A
FW-C-081,Long Endurance,Failed,1,1.69,0.0,0.0,0.0,0.0,0.0,0.0,N/A
FW-C-082,Agriculture,Failed,1,0.891,0.0,0.0,0.0,0.0,0.0,0.0,N/A
FW-C-083,Custom,Failed,1,1.839,0.0,0.0,0.0,0.0,0.0,0.0,N/A
FW-C-084,Cargo,Failed,1,1.968,0.0,0.0,0.0,0.0,0.0,0.0,N/A
FW-C-085,Training,Failed,1,0.776,0.0,0.0,0.0,0.0,0.0,0.0,N/A
FW-C-086,Mapping,Failed,1,1.852,0.0,0.0,0.0,0.0,0.0,0.0,N/A
FW-C-087,Training,Converged,2,3.881,7.77,0.3652,0.527,0.151,281.0,34.2,0.8583
FW-C-088,Research,Failed,1,1.591,0.0,0.0,0.0,0.0,0.0,0.0,N/A
FW-C-089,Custom,Failed,1,1.762,0.0,0.0,0.0,0.0,0.0,0.0,N/A
FW-C-090,Cargo,Failed,1,2.028,0.0,0.0,0.0,0.0,0.0,0.0,N/A
FW-C-091,Mapping,Failed,1,1.671,0.0,0.0,0.0,0.0,0.0,0.0,N/A
FW-C-092,Agriculture,Failed,1,1.635,0.0,0.0,0.0,0.0,0.0,0.0,N/A
FW-C-093,Research,Failed,1,1.871,0.0,0.0,0.0,0.0,0.0,0.0,N/A
FW-C-094,Training,Failed,1,1.701,0.0,0.0,0.0,0.0,0.0,0.0,N/A
FW-C-095,Research,Failed,1,1.77,0.0,0.0,0.0,0.0,0.0,0.0,N/A
FW-C-096,Training,Failed,1,0.872,0.0,0.0,0.0,0.0,0.0,0.0,N/A
FW-C-097,Mapping,Failed,1,1.757,0.0,0.0,0.0,0.0,0.0,0.0,N/A
FW-C-098,Cargo,Failed,1,2.022,0.0,0.0,0.0,0.0,0.0,0.0,N/A
FW-C-099,Surveillance,Failed,1,1.724,0.0,0.0,0.0,0.0,0.0,0.0,N/A
FW-C-100,Custom,Failed,1,1.632,0.0,0.0,0.0,0.0,0.0,0.0,N/A
