case_id,mission_category,pipeline_status,verification_status,failure_reason,payload_kg,range_km,endurance_min,cruise_speed_kmh,wing_position,propulsion_layout,tail_configuration,landing_gear,configuration_name,initial_mtow_kg,final_mtow_kg,payload_mass_kg,battery_mass_kg,battery_fraction,structural_mass_kg,propulsion_mass_kg,avionics_mass_kg,empty_mass_kg,useful_load_kg,battery_energy_wh,specific_energy_whkg,usable_fraction,wing_area_m2,wingspan_m,aspect_ratio,root_chord_m,tip_chord_m,mac_m,taper_ratio,sweep_deg,dihedral_deg,wing_loading_kg_m2,selected_airfoil,CLmax,fuselage_length_m,fuselage_width_m,fuselage_height_m,fineness_ratio,horizontal_tail_area_m2,horizontal_tail_span_m,vertical_tail_area_m2,vertical_tail_height_m,tail_arm_m,selected_motor,selected_propeller,selected_esc,motor_count,required_cruise_thrust_n,required_max_thrust_n,required_cruise_power_w,maximum_power_w,propulsive_efficiency,flight_controller,gps,telemetry,servo information,battery configuration,cg_x_m,cg_percent_mac,neutral_point_x_m,neutral_point_percent_mac,static_margin_percent,stall_speed_kmh,perf_cruise_speed_kmh,maximum_speed_kmh,rate_of_climb_mps,takeoff_distance_m,landing_distance_m,calculated_range_km,calculated_endurance_min,lift_to_drag_ratio,iteration_count,final_relative_mtow_delta,converged,requirement_compliance,constraint_compliance,stability_compliance,performance_compliance,safety_compliance,warnings_count,critical_failures_count,manual_review_priority,review_flags
FW-001,MAPPING,PERFORMANCE_INFEASIBLE,N/A,"Flight performance validation error at iteration 1: Cruise speed (66.7 kmh) is below the minimum safe cruise speed boundary (70.3 kmh, representing a 20.0% safety margin above clean stall).",0.71,11.0,39.3,66.7,High Wing,Pusher,Conventional,Tricycle,High Wing / Pusher,,2.648,0.51,0.312,0.118,1.429,0.137,0.26,1.826,0.822,62.4,200.0,0.85,0.1318,0.994,7.5,0.177,0.088,0.138,0.5,0.0,3.0,13.47,Clark Y,1.233,0.746,0.112,0.137,6.66,0.0152,0.262,0.0088,0.133,,SunnySky X2216,11x7 APC,Generic ESC,1,1.52,6.09,52.7,380,0.65,Pixhawk 6C,GPS Module,Microhard PMDDL2450,4x Digital Servo,LiPo Pack,0.29,12.07,,,29.7,,,,,,,,,,1,,False,,,,,,1,0,HIGH,
FW-002,INSPECTION,SIZING_INFEASIBLE,N/A,Mass validation error at iteration 1: Longitudinal static stability margin (-10.4%) is below the minimum safe stability reserve (7.0%). Risk of loss of pitch control.,0.27,19.3,62.1,76.8,High Wing,Twin Boom Pusher,Twin Boom,Skid,High Wing / Twin Boom Pusher,,,,,,,,,,,,200.0,0.85,0.1114,1.055,10.0,0.134,0.0,0.09,0.0,0.0,2.5,13.47,MH 32,1.042,0.792,0.095,0.116,8.34,0.0071,0.198,0.0065,0.127,,SunnySky X2216,11x7 APC,Generic ESC,1,1.17,5.88,46.7,380,0.65,Pixhawk 6C,GPS Module,RFDesign RFD900ux,4x Digital Servo,LiPo Pack,,,,,,,,,,,,,,,1,,False,,,,,,1,0,HIGH,
FW-003,AGRICULTURE,PERFORMANCE_INFEASIBLE,N/A,"Flight performance validation error at iteration 1: Cruise speed (64.7 kmh) is below the minimum safe cruise speed boundary (66.2 kmh, representing a 30.0% safety margin above clean stall).",0.84,37.9,43.8,64.7,High Wing,Pusher,Conventional,Belly Landing,High Wing / Pusher,,2.461,0.35,0.343,0.14,1.371,0.137,0.26,1.768,0.693,68.6,200.0,0.85,0.1559,0.838,4.5,0.186,0.186,0.186,1.0,0.0,5.0,13.47,NACA 4412,1.281,0.628,0.103,0.126,6.1,0.0288,0.36,0.0104,0.144,,SunnySky X2216,11x7 APC,Generic ESC,1,2.03,10.3,68.6,380,0.65,Pixhawk 6C,GPS Module,RFDesign RFD900ux,4x Digital Servo,LiPo Pack,0.266,9.94,,,31.9,,,,,,,,,,1,,False,,,,,,1,0,HIGH,
FW-004,INSPECTION,SUCCESS,VERIFIED,,0.68,42.3,71.1,76.1,High Wing,Tractor,Conventional,Tricycle,High Wing / Tractor,1.7,4.154,0.15,0.744,0.179,2.863,0.137,0.26,3.26,0.894,148.8,200.0,0.85,0.3045,1.912,12.0,0.203,0.0,0.135,0.0,0.0,2.5,13.47,Clark Y,1.26,1.434,0.172,0.21,8.34,0.0162,0.298,0.0178,0.211,,SunnySky X2216,16x8 APC,Generic ESC,1,2.51,16.09,99.4,380,0.65,Pixhawk 6C,GPS Module,Microhard PMDDL2450,4x Digital Servo,LiPo Pack,0.542,23.89,0.566,41.64,17.8,47.7,76.1,132.1,4.02,35.69,8.31,90.17,71.09,16.02,11,0.009606,True,Compliant,Compliant,Compliant,Compliant,Compliant,2,0,NORMAL,
FW-005,SURVEY,PERFORMANCE_INFEASIBLE,N/A,"Flight performance validation error at iteration 1: Cruise speed (61.4 kmh) is below the minimum safe cruise speed boundary (68.6 kmh, representing a 20.0% safety margin above clean stall).",0.89,33.1,69.3,61.4,High Wing,Pusher,Conventional,Belly Landing,High Wing / Pusher,,3.169,0.51,0.606,0.191,1.656,0.137,0.26,2.053,1.116,121.2,200.0,0.85,0.1652,1.113,7.5,0.198,0.099,0.154,0.5,0.0,3.0,13.47,Clark Y,1.236,0.835,0.125,0.153,6.68,0.019,0.292,0.011,0.148,,SunnySky X2216,12x6 APC,Generic ESC,1,1.9,10.91,60.8,380,0.65,Pixhawk 6C,GPS Module,Microhard PMDDL2450,4x Digital Servo,LiPo Pack,0.338,21.12,,,21.2,,,,,,,,,,1,,False,,,,,,1,0,HIGH,
FW-006,AGRICULTURE,PERFORMANCE_INFEASIBLE,N/A,"Flight performance validation error at iteration 1: Cruise speed (70.7 kmh) is below the minimum safe cruise speed boundary (71.5 kmh, representing a 30.0% safety margin above clean stall).",0.56,43.4,31.4,70.7,Low Wing,Tractor,Conventional,Taildragger,Low Wing / Tractor,,2.041,0.35,0.204,0.1,1.09,0.137,0.26,1.487,0.554,40.8,200.0,0.85,0.1114,0.708,4.5,0.157,0.157,0.157,1.0,0.0,5.0,13.47,NACA 4412,1.274,0.531,0.093,0.106,5.71,0.0206,0.304,0.0074,0.122,,SunnySky X2216,11x7 APC,Generic ESC,1,1.45,5.15,53.5,380,0.65,Pixhawk 6C,GPS Module,Microhard PMDDL2450,4x Digital Servo,LiPo Pack,0.191,-11.63,,,53.9,,,,,,,,,,1,,False,,,,,,1,0,HIGH,
FW-007,SURVEY,SUCCESS,VERIFIED,,0.78,16.5,46.6,89.7,High Wing,Pusher,Conventional,Belly Landing,High Wing / Pusher,1.95,5.089,0.51,0.944,0.186,3.17,0.205,0.26,3.635,1.454,188.8,200.0,0.85,0.373,1.979,10.5,0.251,0.126,0.196,0.5,0.0,3.0,13.47,Clark Y,1.312,1.484,0.223,0.272,6.65,0.0307,0.372,0.0249,0.223,,T-Motor MN5008,20x10 APC,Generic ESC,1,3.81,17.24,178.3,700,0.65,Pixhawk 6C,GPS Module,Microhard PMDDL2450,4x Digital Servo,LiPo Pack,0.572,24.6,0.606,41.99,17.4,46.8,89.7,160.0,6.32,24.15,8.05,69.66,46.59,12.88,11,0.009713,True,Compliant,Compliant,Compliant,Compliant,Compliant,1,0,NORMAL,
FW-008,AGRICULTURE,STABILITY_INFEASIBLE,FAILED,Aircraft design failed verification compliance checks.,0.45,20.7,34.8,88.3,Low Wing,Tractor,Conventional,Taildragger,Low Wing / Tractor,1.5,3.38,0.35,0.458,0.136,2.175,0.137,0.26,2.572,0.808,91.6,200.0,0.85,0.2485,1.365,7.5,0.182,0.182,0.182,1.0,0.0,5.0,13.47,NACA 4412,1.311,1.024,0.168,0.205,6.1,0.0276,0.352,0.0166,0.182,,SunnySky X2216,16x8 APC,Generic ESC,1,2.67,16.41,123.0,380,0.65,Pixhawk 6C,GPS Module,RFDesign RFD900ux,4x Digital Servo,LiPo Pack,0.399,14.01,0.45,42.03,28.0,46.7,88.3,132.1,4.89,28.36,8.06,51.17,34.77,12.25,10,0.00741,True,Compliant,Compliant,Failed,Compliant,Compliant,1,0,HIGH,
FW-009,AGRICULTURE,STABILITY_INFEASIBLE,FAILED,Aircraft design failed verification compliance checks.,0.57,20.6,37.3,76.8,Low Wing,Tractor,Conventional,Taildragger,Low Wing / Tractor,1.5,3.224,0.35,0.373,0.116,2.104,0.137,0.26,2.501,0.723,74.6,200.0,0.85,0.2368,1.333,7.5,0.178,0.178,0.178,1.0,0.0,5.0,13.47,NACA 4412,1.293,0.999,0.164,0.2,6.09,0.0263,0.344,0.0158,0.178,,SunnySky X2216,15x10 APC,Generic ESC,1,2.26,10.95,90.6,380,0.65,Pixhawk 6C,GPS Module,RFDesign RFD900ux,4x Digital Servo,LiPo Pack,0.385,11.59,0.439,41.98,30.2,47.1,76.8,132.1,5.32,28.38,8.15,47.77,37.32,13.8,9,0.008247,True,Compliant,Compliant,Failed,Compliant,Compliant,1,0,HIGH,
FW-010,MAPPING,COMPONENT_DATABASE_LIMITATION,N/A,"Subsystem execution failed at iteration 1: COMPONENT_DATABASE_LIMITATION: Lightest available component of type 'RGB Camera' in database weighs 0.51 kg, which exceeds the maximum allowed structural payload limit of 0.40 kg.",0.38,49.9,55.7,62.7,High Wing,Pusher,Conventional,Belly Landing,High Wing / Pusher,,,,,,,,,,,,200.0,0.85,0.1114,0.914,7.5,0.163,0.081,0.126,0.5,0.0,3.0,13.47,Clark Y,1.222,0.685,0.103,0.126,6.65,0.0128,0.24,0.0074,0.122,,SunnySky X2216,11x7 APC,Generic ESC,1,1.28,7.35,41.9,380,0.65,Pixhawk 6C,GPS Module,Microhard PMDDL2450,4x Digital Servo,LiPo Pack,,,,,,,,,,,,,,,1,,False,,,,,,1,0,HIGH,
FW-011,MAPPING,COMPONENT_DATABASE_LIMITATION,N/A,"Subsystem execution failed at iteration 1: COMPONENT_DATABASE_LIMITATION: Lightest available component of type 'RGB Camera' in database weighs 0.51 kg, which exceeds the maximum allowed structural payload limit of 0.26 kg.",0.25,25.3,89.7,75.9,High Wing,Pusher,Conventional,Tricycle,High Wing / Pusher,,,,,,,,,,,,200.0,0.85,0.1114,0.914,7.5,0.163,0.081,0.126,0.5,0.0,3.0,13.47,Clark Y,1.237,0.685,0.103,0.126,6.65,0.0128,0.24,0.0074,0.122,,SunnySky X2216,11x7 APC,Generic ESC,1,1.28,5.15,50.7,380,0.65,Pixhawk 6C,GPS Module,Microhard PMDDL2450,4x Digital Servo,LiPo Pack,,,,,,,,,,,,,,,1,,False,,,,,,1,0,HIGH,
FW-012,INSPECTION,SUCCESS,VERIFIED,,0.41,35.6,27.8,73.0,High Wing,Tractor,Conventional,Tricycle,High Wing / Tractor,1.5,3.136,0.15,0.205,0.065,2.384,0.137,0.26,2.781,0.355,41.0,200.0,0.85,0.2302,1.662,12.0,0.176,0.0,0.118,0.0,0.0,2.5,13.47,Clark Y,1.241,1.247,0.15,0.183,8.31,0.0122,0.259,0.0134,0.183,,SunnySky X2216,14x10 APC,Generic ESC,1,1.82,12.16,69.4,380,0.65,Pixhawk 6C,GPS Module,RFDesign RFD900ux,4x Digital Servo,LiPo Pack,0.481,32.23,0.492,41.58,9.5,48.1,73.0,132.1,5.66,29.96,8.41,33.81,27.79,16.63,9,0.008546,True,Compliant,Compliant,Compliant,Compliant,Compliant,2,0,NORMAL,
FW-013,SURVEY,SUCCESS,VERIFIED,,0.61,14.3,63.8,85.3,High Wing,Pusher,Conventional,Belly Landing,High Wing / Pusher,1.525,5.72,0.51,1.302,0.228,3.443,0.205,0.26,3.908,1.812,260.4,200.0,0.85,0.4205,2.101,10.5,0.267,0.133,0.207,0.5,0.0,3.0,13.47,Clark Y,1.313,1.576,0.236,0.289,6.68,0.0346,0.395,0.028,0.237,,T-Motor MN5008,22x12 APC,Generic ESC,1,4.04,27.77,179.8,700,0.65,Pixhawk 6C,GPS Module,Microhard PMDDL2450,4x Digital Servo,LiPo Pack,0.606,24.14,0.643,41.98,18.0,46.7,85.3,153.8,5.56,25.59,8.05,90.71,63.8,13.7,13,0.007558,True,Compliant,Compliant,Compliant,Compliant,Compliant,1,0,NORMAL,
FW-014,AGRICULTURE,PERFORMANCE_INFEASIBLE,N/A,"Flight performance validation error at iteration 1: Cruise speed (60.6 kmh) is below the minimum safe cruise speed boundary (71.9 kmh, representing a 30.0% safety margin above clean stall).",0.62,10.0,42.7,60.6,High Wing,Pusher,Conventional,Belly Landing,High Wing / Pusher,,2.108,0.35,0.246,0.117,1.115,0.137,0.26,1.512,0.596,49.2,200.0,0.85,0.1151,0.72,4.5,0.16,0.16,0.16,1.0,0.0,5.0,13.47,NACA 4412,1.263,0.54,0.093,0.108,5.81,0.0213,0.31,0.0077,0.124,,SunnySky X2216,11x7 APC,Generic ESC,1,1.5,7.6,47.4,380,0.65,Pixhawk 6C,GPS Module,RFDesign RFD900ux,4x Digital Servo,LiPo Pack,0.223,6.25,,,35.7,,,,,,,,,,1,,False,,,,,,1,0,HIGH,
FW-015,SURVEY,COMPONENT_DATABASE_LIMITATION,N/A,"Subsystem execution failed at iteration 1: COMPONENT_DATABASE_LIMITATION: Lightest available component of type 'RGB Camera' in database weighs 0.51 kg, which exceeds the maximum allowed structural payload limit of 0.27 kg.",0.26,39.3,77.1,89.3,High Wing,Pusher,Conventional,Tricycle,High Wing / Pusher,,,,,,,,,,,,200.0,0.85,0.1114,0.914,7.5,0.163,0.081,0.126,0.5,0.0,3.0,13.47,Clark Y,1.253,0.685,0.103,0.126,6.65,0.0128,0.24,0.0074,0.122,,SunnySky X2216,11x7 APC,Generic ESC,1,1.28,7.35,59.7,380,0.65,Pixhawk 6C,GPS Module,Microhard PMDDL2450,4x Digital Servo,LiPo Pack,,,,,,,,,,,,,,,1,,False,,,,,,1,0,HIGH,
FW-016,SURVEY,SUCCESS,VERIFIED,,0.62,34.3,87.5,87.9,High Wing,Pusher,Conventional,Belly Landing,High Wing / Pusher,1.55,7.583,0.51,2.422,0.319,4.186,0.205,0.26,4.651,2.932,484.4,200.0,0.85,0.5562,2.417,10.5,0.307,0.153,0.239,0.5,0.0,3.0,13.47,Clark Y,1.344,1.812,0.272,0.332,6.66,0.0458,0.454,0.0371,0.272,,T-Motor MN5008,22x12 APC,Generic ESC,1,5.54,25.71,254.0,700,0.65,Pixhawk 6C,GPS Module,Microhard PMDDL2450,4x Digital Servo,LiPo Pack,0.697,24.01,0.74,42.02,17.9,46.2,87.9,140.1,3.9,32.93,7.9,128.18,87.5,13.22,15,0.009292,True,Compliant,Compliant,Compliant,Compliant,Compliant,1,0,NORMAL,
FW-017,AGRICULTURE,PERFORMANCE_INFEASIBLE,N/A,"Flight performance validation error at iteration 1: Cruise speed (66.7 kmh) is below the minimum safe cruise speed boundary (71.1 kmh, representing a 30.0% safety margin above clean stall).",0.55,30.7,28.5,66.7,Low Wing,Tractor,Conventional,Taildragger,Low Wing / Tractor,,2.01,0.35,0.173,0.086,1.09,0.137,0.26,1.487,0.523,34.6,200.0,0.85,0.1114,0.708,4.5,0.157,0.157,0.157,1.0,0.0,5.0,13.47,NACA 4412,1.269,0.531,0.093,0.106,5.71,0.0206,0.304,0.0074,0.122,,SunnySky X2216,11x7 APC,Generic ESC,1,1.45,7.35,50.5,380,0.65,Pixhawk 6C,GPS Module,RFDesign RFD900ux,4x Digital Servo,LiPo Pack,0.189,-12.91,,,54.6,,,,,,,,,,1,,False,,,,,,1,0,HIGH,
FW-018,AGRICULTURE,PERFORMANCE_INFEASIBLE,N/A,"Flight performance validation error at iteration 1: Cruise speed (60.9 kmh) is below the minimum safe cruise speed boundary (65.8 kmh, representing a 30.0% safety margin above clean stall).",0.77,12.4,24.7,60.9,Low Wing,Tractor,Conventional,Taildragger,Low Wing / Tractor,,2.21,0.35,0.171,0.077,1.292,0.137,0.26,1.689,0.521,34.2,200.0,0.85,0.1429,0.802,4.5,0.178,0.178,0.178,1.0,0.0,5.0,13.47,NACA 4412,1.272,0.602,0.098,0.12,6.14,0.0265,0.345,0.0095,0.138,,SunnySky X2216,11x7 APC,Generic ESC,1,1.86,9.44,59.2,380,0.65,Pixhawk 6C,GPS Module,RFDesign RFD900ux,4x Digital Servo,LiPo Pack,0.221,-8.75,,,50.7,,,,,,,,,,1,,False,,,,,,1,0,HIGH,
FW-019,SURVEY,PERFORMANCE_INFEASIBLE,N/A,"Flight performance validation error at iteration 1: Cruise speed (77.3 kmh) is below the minimum safe cruise speed boundary (77.8 kmh, representing a 20.0% safety margin above clean stall).",0.63,38.9,81.8,77.3,High Wing,Pusher,Conventional,Belly Landing,High Wing / Pusher,,2.891,0.51,0.662,0.229,1.322,0.137,0.26,1.719,1.172,132.4,200.0,0.85,0.1169,0.936,7.5,0.167,0.083,0.13,0.5,0.0,3.0,13.47,Clark Y,1.241,0.702,0.105,0.129,6.69,0.0135,0.246,0.0078,0.125,,SunnySky X2216,11x7 APC,Generic ESC,1,1.35,7.72,54.2,380,0.65,Pixhawk 6C,GPS Module,Microhard PMDDL2450,4x Digital Servo,LiPo Pack,0.28,17.45,,,24.6,,,,,,,,,,1,,False,,,,,,1,0,HIGH,
FW-020,MAPPING,COMPONENT_DATABASE_LIMITATION,N/A,"Subsystem execution failed at iteration 1: COMPONENT_DATABASE_LIMITATION: Lightest available component of type 'RGB Camera' in database weighs 0.51 kg, which exceeds the maximum allowed structural payload limit of 0.50 kg.",0.48,26.4,80.5,61.6,High Wing,Pusher,Conventional,Belly Landing,High Wing / Pusher,,,,,,,,,,,,200.0,0.85,0.1114,0.914,7.5,0.163,0.081,0.126,0.5,0.0,3.0,13.47,Clark Y,1.22,0.685,0.103,0.126,6.65,0.0128,0.24,0.0074,0.122,,SunnySky X2216,11x7 APC,Generic ESC,1,1.28,7.35,41.2,380,0.65,Pixhawk 6C,GPS Module,Microhard PMDDL2450,4x Digital Servo,LiPo Pack,,,,,,,,,,,,,,,1,,False,,,,,,1,0,HIGH,
FW-021,RESEARCH,COMPONENT_DATABASE_LIMITATION,N/A,"Subsystem execution failed at iteration 1: COMPONENT_DATABASE_LIMITATION: Lightest available component of type 'Scientific Instruments' in database weighs 1.80 kg, which exceeds the maximum allowed structural payload limit of 1.45 kg.",1.38,78.3,63.9,77.3,High Wing,Tractor,Conventional,Tricycle,High Wing / Tractor,,,,,,,,,,,,200.0,0.85,0.2562,1.29,6.5,0.265,0.132,0.206,0.5,0.0,3.0,13.47,NACA 4412,1.344,0.968,0.134,0.164,7.22,0.0341,0.392,0.0171,0.185,,SunnySky X2216,12x6 APC,Generic ESC,1,3.07,16.92,123.6,380,0.65,Pixhawk 6C,GPS Module,Silvus StreamCaster Lite,4x Digital Servo,LiPo Pack,,,,,,,,,,,,,,,1,,False,,,,,,1,0,HIGH,
FW-022,SURVEY,COMPONENT_DATABASE_LIMITATION,N/A,Subsystem execution failed at iteration 1: COMPONENT_DATABASE_LIMITATION: Required communication range (88.70 km) exceeds the maximum range available in the telemetry catalog (80.00 km).,1.2,88.7,118.0,70.6,High Wing,Pusher,Conventional,Belly Landing,High Wing / Pusher,,,,,,,,,,,,200.0,0.85,0.2228,1.293,7.5,0.23,0.115,0.179,0.5,0.0,3.0,13.47,Clark Y,1.266,0.969,0.145,0.178,6.68,0.0257,0.34,0.0148,0.172,,SunnySky X2216,14x10 APC,Generic ESC,1,2.56,14.71,94.3,380,0.65,Pixhawk 6C,GPS Module,,4x Digital Servo,LiPo Pack,,,,,,,,,,,,,,,1,,False,,,,,,1,0,HIGH,
FW-023,INSPECTION,SUCCESS,VERIFIED,,1.8,35.3,96.2,109.4,High Wing,Tractor,Conventional,Tricycle,High Wing / Tractor,4.5,24.778,0.15,13.419,0.542,10.264,0.685,0.26,11.209,13.569,2683.8,200.0,0.85,1.8178,4.67,12.0,0.496,0.0,0.33,0.0,0.0,2.5,13.47,Clark Y,1.542,3.503,0.42,0.514,8.34,0.0965,0.729,0.106,0.515,,KDE Direct 7215XF,22x12 APC,Generic ESC,1,24.85,84.03,1417.0,3400,0.65,Pixhawk 6C,GPS Module,RFDesign RFD900ux,4x Digital Servo,LiPo Pack,1.324,23.94,1.384,42.1,18.0,43.1,109.4,159.9,6.03,32.88,7.07,175.4,96.2,9.64,34,0.009089,True,Compliant,Compliant,Compliant,Compliant,Compliant,2,0,NORMAL,
FW-024,SECURITY,COMPONENT_DATABASE_LIMITATION,N/A,Subsystem execution failed at iteration 1: COMPONENT_DATABASE_LIMITATION: Required communication range (89.60 km) exceeds the maximum range available in the telemetry catalog (80.00 km).,2.57,89.6,110.7,77.6,High Wing,Twin Boom Pusher,Twin Boom,Skid,High Wing / Twin Boom Pusher,,,,,,,,,,,,200.0,0.85,0.4771,2.184,10.0,0.278,0.0,0.185,0.0,0.0,2.5,13.47,MH 32,1.111,1.638,0.197,0.24,8.31,0.0304,0.409,0.0278,0.264,,T-Motor MN5008,18x10 APC,Generic ESC,1,5.0,25.2,202.2,700,0.65,Pixhawk 6C,GPS Module,,4x Digital Servo,LiPo Pack,,,,,,,,,,,,,,,1,,False,,,,,,1,0,HIGH,
FW-025,SECURITY,COMPONENT_DATABASE_LIMITATION,N/A,Subsystem execution failed at iteration 1: COMPONENT_DATABASE_LIMITATION: Required communication range (82.60 km) exceeds the maximum range available in the telemetry catalog (80.00 km).,1.11,82.6,112.9,104.1,High Wing,Twin Boom Pusher,Twin Boom,Skid,High Wing / Twin Boom Pusher,,,,,,,,,,,,200.0,0.85,0.2061,1.435,10.0,0.183,0.0,0.122,0.0,0.0,2.5,13.47,MH 32,1.096,1.077,0.129,0.158,8.35,0.0131,0.268,0.012,0.173,,SunnySky X2216,12x6 APC,Generic ESC,1,2.16,10.89,117.2,380,0.65,Pixhawk 6C,GPS Module,,4x Digital Servo,LiPo Pack,,,,,,,,,,,,,,,1,,False,,,,,,1,0,HIGH,
FW-026,SECURITY,COMPONENT_DATABASE_LIMITATION,N/A,Subsystem execution failed at iteration 1: COMPONENT_DATABASE_LIMITATION: Required communication range (107.60 km) exceeds the maximum range available in the telemetry catalog (80.00 km).,1.14,107.6,99.5,107.7,High Wing,Twin Boom Pusher,Twin Boom,Skid,High Wing / Twin Boom Pusher,,,,,,,,,,,,200.0,0.85,0.2116,1.455,10.0,0.185,0.0,0.123,0.0,0.0,2.5,13.47,MH 32,1.101,1.091,0.131,0.16,8.33,0.0135,0.272,0.0123,0.175,,SunnySky X2216,12x6 APC,Generic ESC,1,2.22,11.18,124.5,380,0.65,Pixhawk 6C,GPS Module,,4x Digital Servo,LiPo Pack,,,,,,,,,,,,,,,1,,False,,,,,,1,0,HIGH,
FW-027,SECURITY,COMPONENT_DATABASE_LIMITATION,N/A,Subsystem execution failed at iteration 1: COMPONENT_DATABASE_LIMITATION: Required communication range (114.10 km) exceeds the maximum range available in the telemetry catalog (80.00 km).,2.05,114.1,72.6,98.6,High Wing,Tractor,Conventional,Tricycle,High Wing / Tractor,,,,,,,,,,,,200.0,0.85,0.3805,1.951,10.0,0.248,0.0,0.166,0.0,0.0,2.5,13.47,MH 32,1.129,1.463,0.176,0.215,8.31,0.0242,0.365,0.0222,0.236,,T-Motor MN5008,16x8 APC,Generic ESC,1,3.99,17.59,205.0,700,0.65,Pixhawk 6C,GPS Module,,4x Digital Servo,LiPo Pack,,,,,,,,,,,,,,,1,,False,,,,,,1,0,HIGH,
FW-028,SURVEY,COMPONENT_DATABASE_LIMITATION,N/A,Subsystem execution failed at iteration 1: COMPONENT_DATABASE_LIMITATION: Required communication range (97.70 km) exceeds the maximum range available in the telemetry catalog (80.00 km).,1.63,97.7,54.8,88.3,High Wing,Pusher,Conventional,Belly Landing,High Wing / Pusher,,,,,,,,,,,,200.0,0.85,0.3026,1.506,7.5,0.268,0.134,0.208,0.5,0.0,3.0,13.47,Clark Y,1.32,1.13,0.169,0.207,6.69,0.0349,0.396,0.0202,0.201,,SunnySky X2216,16x8 APC,Generic ESC,1,3.48,19.98,160.3,380,0.65,Pixhawk 6C,GPS Module,,4x Digital Servo,LiPo Pack,,,,,,,,,,,,,,,1,,False,,,,,,1,0,HIGH,
FW-029,RESEARCH,COMPONENT_DATABASE_LIMITATION,N/A,"Subsystem execution failed at iteration 1: COMPONENT_DATABASE_LIMITATION: Lightest available component of type 'Scientific Instruments' in database weighs 1.80 kg, which exceeds the maximum allowed structural payload limit of 1.78 kg.",1.7,36.2,78.0,81.4,High Wing,Tractor,Conventional,Tricycle,High Wing / Tractor,,,,,,,,,,,,200.0,0.85,0.3156,1.432,6.5,0.294,0.147,0.229,0.5,0.0,3.0,13.47,NACA 4412,1.371,1.074,0.149,0.182,7.21,0.042,0.435,0.021,0.205,,T-Motor MN5008,14x10 APC,Generic ESC,1,3.78,14.59,160.4,700,0.65,Pixhawk 6C,GPS Module,Microhard PMDDL2450,4x Digital Servo,LiPo Pack,,,,,,,,,,,,,,,1,,False,,,,,,1,0,HIGH,
FW-030,INSPECTION,COMPONENT_DATABASE_LIMITATION,N/A,Subsystem execution failed at iteration 1: COMPONENT_DATABASE_LIMITATION: Required communication range (113.90 km) exceeds the maximum range available in the telemetry catalog (80.00 km).,2.11,113.9,59.0,105.1,High Wing,Twin Boom Pusher,Twin Boom,Skid,High Wing / Twin Boom Pusher,,,,,,,,,,,,200.0,0.85,0.3917,1.979,10.0,0.252,0.0,0.168,0.0,0.0,2.5,13.47,MH 32,1.142,1.484,0.178,0.218,8.34,0.0249,0.37,0.0229,0.239,,T-Motor MN5008,16x8 APC,Generic ESC,1,4.11,20.69,224.9,700,0.65,Pixhawk 6C,GPS Module,,4x Digital Servo,LiPo Pack,,,,,,,,,,,,,,,1,,False,,,,,,1,0,HIGH,
FW-031,INSPECTION,COMPONENT_DATABASE_LIMITATION,N/A,Subsystem execution failed at iteration 1: COMPONENT_DATABASE_LIMITATION: Required communication range (94.60 km) exceeds the maximum range available in the telemetry catalog (80.00 km).,2.21,94.6,72.5,95.4,High Wing,Tractor,Conventional,Tricycle,High Wing / Tractor,,,,,,,,,,,,200.0,0.85,0.4102,2.026,10.0,0.258,0.0,0.172,0.0,0.0,2.5,13.47,MH 32,1.13,1.519,0.182,0.223,8.35,0.0261,0.379,0.0239,0.244,,T-Motor MN5008,16x8 APC,Generic ESC,1,4.3,18.96,213.8,700,0.65,Pixhawk 6C,GPS Module,,4x Digital Servo,LiPo Pack,,,,,,,,,,,,,,,1,,False,,,,,,1,0,HIGH,
FW-032,INSPECTION,MTOW_LIMIT_EXCEEDED,N/A,Mass validation error at iteration 21: Calculated takeoff weight (25.42 kg) exceeds maximum takeoff weight limit constraint (25.00 kg).,1.55,30.3,149.1,95.5,High Wing,Twin Boom Pusher,Twin Boom,Skid,High Wing / Twin Boom Pusher,3.875,24.587,0.15,13.936,0.567,9.556,0.685,0.26,10.501,14.086,2787.2,200.0,0.85,1.8039,4.247,10.0,0.541,0.0,0.36,0.0,0.0,2.5,13.47,MH 32,1.298,3.185,0.382,0.467,8.34,0.1148,0.795,0.1052,0.513,,KDE Direct 7215XF,22x12 APC,Generic ESC,1,19.8,95.29,985.6,3400,0.65,Pixhawk 6C,GPS Module,RFDesign RFD900ux,4x Digital Servo,LiPo Pack,1.218,17.7,1.268,31.57,11.0,48.0,95.5,162.3,6.24,37.21,8.15,237.32,149.1,12.03,21,0.037639,False,,,,,,1,0,HIGH,
FW-033,SURVEY,MTOW_LIMIT_EXCEEDED,N/A,Mass validation error at iteration 8: Calculated takeoff weight (25.95 kg) exceeds maximum takeoff weight limit constraint (25.00 kg).,1.02,36.8,164.2,106.2,High Wing,Pusher,Conventional,Belly Landing,High Wing / Pusher,2.55,21.809,0.51,13.251,0.608,7.103,0.685,0.26,8.048,13.761,2650.2,200.0,0.85,1.5271,3.384,7.5,0.602,0.301,0.468,0.5,0.0,3.0,13.47,Clark Y,1.613,2.538,0.381,0.465,6.66,0.1759,0.89,0.1018,0.451,,KDE Direct 7215XF,22x12 APC,Generic ESC,1,17.65,70.59,976.6,3400,0.65,Pixhawk 6C,GPS Module,Microhard PMDDL2450,4x Digital Servo,LiPo Pack,0.943,2.99,1.019,19.23,18.0,48.4,106.2,181.1,7.12,22.23,6.98,290.63,164.2,11.43,8,0.221322,False,,,,,,1,0,HIGH,
FW-034,INSPECTION,COMPONENT_DATABASE_LIMITATION,N/A,Subsystem execution failed at iteration 1: COMPONENT_DATABASE_LIMITATION: Required communication range (110.90 km) exceeds the maximum range available in the telemetry catalog (80.00 km).,1.62,110.9,152.5,104.4,High Wing,Twin Boom Pusher,Twin Boom,Skid,High Wing / Twin Boom Pusher,,,,,,,,,,,,200.0,0.85,0.3007,1.734,10.0,0.221,0.0,0.147,0.0,0.0,2.5,13.47,MH 32,1.12,1.301,0.156,0.191,8.34,0.0192,0.325,0.0175,0.209,,SunnySky X2216,15x10 APC,Generic ESC,1,3.15,15.89,171.5,380,0.65,Pixhawk 6C,GPS Module,,4x Digital Servo,LiPo Pack,,,,,,,,,,,,,,,1,,False,,,,,,1,0,HIGH,
FW-035,SECURITY,COMPONENT_DATABASE_LIMITATION,N/A,Subsystem execution failed at iteration 1: COMPONENT_DATABASE_LIMITATION: Required communication range (108.70 km) exceeds the maximum range available in the telemetry catalog (80.00 km).,2.12,108.7,176.5,100.0,High Wing,Twin Boom Pusher,Twin Boom,Skid,High Wing / Twin Boom Pusher,,,,,,,,,,,,200.0,0.85,0.3935,1.984,10.0,0.253,0.0,0.168,0.0,0.0,2.5,13.47,MH 32,1.134,1.488,0.179,0.218,8.31,0.0251,0.372,0.023,0.24,,T-Motor MN5008,16x8 APC,Generic ESC,1,4.13,20.79,215.0,700,0.65,Pixhawk 6C,GPS Module,,4x Digital Servo,LiPo Pack,,,,,,,,,,,,,,,1,,False,,,,,,1,0,HIGH,
FW-036,SECURITY,COMPONENT_DATABASE_LIMITATION,N/A,Subsystem execution failed at iteration 1: COMPONENT_DATABASE_LIMITATION: Required communication range (113.80 km) exceeds the maximum range available in the telemetry catalog (80.00 km).,1.66,113.8,153.3,104.6,High Wing,Twin Boom Pusher,Twin Boom,Skid,High Wing / Twin Boom Pusher,,,,,,,,,,,,200.0,0.85,0.3082,1.755,10.0,0.224,0.0,0.149,0.0,0.0,2.5,13.47,MH 32,1.122,1.317,0.158,0.193,8.34,0.0196,0.328,0.018,0.212,,SunnySky X2216,15x10 APC,Generic ESC,1,3.23,14.24,176.1,380,0.65,Pixhawk 6C,GPS Module,,4x Digital Servo,LiPo Pack,,,,,,,,,,,,,,,1,,False,,,,,,1,0,HIGH,
FW-037,INSPECTION,SUCCESS,VERIFIED,,2.72,50.0,155.2,88.4,High Wing,Twin Boom Pusher,Twin Boom,Skid,High Wing / Twin Boom Pusher,6.8,20.551,0.15,10.245,0.499,9.211,0.685,0.26,10.156,10.395,2049.0,200.0,0.85,1.5062,4.592,14.0,0.418,0.0,0.278,0.0,0.0,2.5,13.47,Clark Y,1.416,3.444,0.413,0.505,8.34,0.0685,0.614,0.0879,0.469,,KDE Direct 7215XF,22x12 APC,Generic ESC,1,14.46,79.57,666.0,3400,0.65,Pixhawk 6C,GPS Module,Microhard PMDDL2450,4x Digital Servo,LiPo Pack,1.273,23.92,1.312,37.93,11.1,45.0,88.4,170.2,7.95,29.84,7.58,228.65,155.19,13.74,27,0.009825,True,Compliant,Compliant,Compliant,Compliant,Compliant,2,0,NORMAL,
FW-038,RESEARCH,COMPONENT_DATABASE_LIMITATION,N/A,"Subsystem execution failed at iteration 1: COMPONENT_DATABASE_LIMITATION: Lightest available component of type 'Scientific Instruments' in database weighs 1.80 kg, which exceeds the maximum allowed structural payload limit of 1.64 kg.",1.56,36.2,149.4,84.0,High Wing,Tractor,Conventional,Tricycle,High Wing / Tractor,,,,,,,,,,,,200.0,0.85,0.2896,1.372,6.5,0.281,0.141,0.219,0.5,0.0,3.0,13.47,NACA 4412,1.368,1.029,0.142,0.174,7.25,0.0385,0.416,0.0193,0.196,,SunnySky X2216,13x8 APC,Generic ESC,1,3.47,13.39,151.9,380,0.65,Pixhawk 6C,GPS Module,Microhard PMDDL2450,4x Digital Servo,LiPo Pack,,,,,,,,,,,,,,,1,,False,,,,,,1,0,HIGH,
FW-039,INSPECTION,INVALID_REQUIREMENTS,N/A,Mission processing failed: Mission range (118.5 km) is physically inconsistent with cruise speed (93.9 km/h) and flight time (50.2 min). Max theoretical range is 78.6 km.,2.16,118.5,50.2,93.9,,,,,,,,,,,,,,,,,200.0,0.85,,,,,,,,,,,,,,,,,,,,,,,,Generic ESC,1,,,,,,Pixhawk 6C,GPS Module,,4x Digital Servo,LiPo Pack,,,,,,,,,,,,,,,0,,False,,,,,,0,0,HIGH,
FW-040,SECURITY,SUCCESS,VERIFIED,,2.8,47.1,51.0,87.4,High Wing,Tractor,Conventional,Tricycle,High Wing / Tractor,7.0,4.822,0.15,0.832,0.172,3.375,0.205,0.26,3.84,0.982,166.4,200.0,0.85,0.362,2.251,14.0,0.205,0.0,0.137,0.0,0.0,2.5,13.47,Clark Y,1.278,1.688,0.203,0.248,8.32,0.0165,0.301,0.0211,0.23,,T-Motor MN5008,18x10 APC,Generic ESC,1,3.49,16.73,159.0,700,0.65,Pixhawk 6C,GPS Module,Microhard PMDDL2450,4x Digital Servo,LiPo Pack,0.632,29.89,0.649,42.34,12.3,46.8,87.4,161.6,6.8,25.97,8.22,74.31,51.02,13.73,10,0.008245,True,Compliant,Compliant,Compliant,Compliant,Compliant,2,0,NORMAL,
FW-041,INSPECTION,COMPONENT_DATABASE_LIMITATION,N/A,Subsystem execution failed at iteration 1: COMPONENT_DATABASE_LIMITATION: Required communication range (89.70 km) exceeds the maximum range available in the telemetry catalog (80.00 km).,2.25,89.7,61.8,106.0,High Wing,Tractor,Conventional,Tricycle,High Wing / Tractor,,,,,,,,,,,,200.0,0.85,0.4177,2.044,10.0,0.26,0.0,0.173,0.0,0.0,2.5,13.47,MH 32,1.149,1.533,0.184,0.225,8.33,0.0266,0.382,0.0244,0.247,,T-Motor MN5008,16x8 APC,Generic ESC,1,4.38,19.31,241.9,700,0.65,Pixhawk 6C,GPS Module,,4x Digital Servo,LiPo Pack,,,,,,,,,,,,,,,1,,False,,,,,,1,0,HIGH,
FW-042,SECURITY,COMPONENT_DATABASE_LIMITATION,N/A,Subsystem execution failed at iteration 1: COMPONENT_DATABASE_LIMITATION: Required communication range (89.80 km) exceeds the maximum range available in the telemetry catalog (80.00 km).,1.38,89.8,96.2,99.9,High Wing,Tractor,Conventional,Tricycle,High Wing / Tractor,,,,,,,,,,,,200.0,0.85,0.2562,1.601,10.0,0.204,0.0,0.136,0.0,0.0,2.5,13.47,MH 32,1.104,1.2,0.144,0.176,8.33,0.0163,0.299,0.0149,0.193,,SunnySky X2216,13x8 APC,Generic ESC,1,2.69,11.84,139.8,380,0.65,Pixhawk 6C,GPS Module,,4x Digital Servo,LiPo Pack,,,,,,,,,,,,,,,1,,False,,,,,,1,0,HIGH,
FW-043,RESEARCH,COMPONENT_DATABASE_LIMITATION,N/A,Subsystem execution failed at iteration 1: COMPONENT_DATABASE_LIMITATION: Required communication range (100.70 km) exceeds the maximum range available in the telemetry catalog (80.00 km).,1.42,100.7,126.9,82.9,High Wing,Tractor,Conventional,Tricycle,High Wing / Tractor,,,,,,,,,,,,200.0,0.85,0.2636,1.309,6.5,0.269,0.134,0.209,0.5,0.0,3.0,13.47,NACA 4412,1.358,0.982,0.136,0.166,7.22,0.0351,0.397,0.0176,0.188,,SunnySky X2216,13x8 APC,Generic ESC,1,3.16,12.18,136.4,380,0.65,Pixhawk 6C,GPS Module,,4x Digital Servo,LiPo Pack,,,,,,,,,,,,,,,1,,False,,,,,,1,0,HIGH,
FW-044,INSPECTION,COMPONENT_DATABASE_LIMITATION,N/A,Subsystem execution failed at iteration 1: COMPONENT_DATABASE_LIMITATION: Required communication range (96.20 km) exceeds the maximum range available in the telemetry catalog (80.00 km).,2.92,96.2,133.9,81.4,High Wing,Twin Boom Pusher,Twin Boom,Skid,High Wing / Twin Boom Pusher,,,,,,,,,,,,200.0,0.85,0.542,2.328,10.0,0.296,0.0,0.198,0.0,0.0,2.5,13.47,MH 32,1.127,1.746,0.21,0.256,8.31,0.0345,0.436,0.0316,0.281,,T-Motor MN5008,20x10 APC,Generic ESC,1,5.68,28.64,241.0,700,0.65,Pixhawk 6C,GPS Module,,4x Digital Servo,LiPo Pack,,,,,,,,,,,,,,,1,,False,,,,,,1,0,HIGH,
FW-045,SURVEY,MTOW_LIMIT_EXCEEDED,N/A,Mass validation error at iteration 10: Calculated takeoff weight (26.31 kg) exceeds maximum takeoff weight limit constraint (25.00 kg).,1.29,34.2,177.8,94.5,High Wing,Pusher,Conventional,Tricycle,High Wing / Pusher,3.225,23.488,0.51,13.918,0.593,8.115,0.685,0.26,9.06,14.428,2783.6,200.0,0.85,1.6783,3.548,7.5,0.631,0.315,0.491,0.5,0.0,3.0,13.47,Clark Y,1.581,2.661,0.399,0.488,6.67,0.1934,0.933,0.1119,0.473,,KDE Direct 7215XF,22x12 APC,Generic ESC,1,17.93,77.58,883.2,3400,0.65,Pixhawk 6C,GPS Module,Microhard PMDDL2450,4x Digital Servo,LiPo Pack,1.026,10.68,1.109,27.6,18.1,46.3,94.5,171.2,6.67,26.76,7.03,280.03,177.8,12.36,10,0.133143,False,,,,,,1,0,HIGH,
FW-046,SECURITY,COMPONENT_DATABASE_LIMITATION,N/A,Subsystem execution failed at iteration 1: COMPONENT_DATABASE_LIMITATION: Required communication range (109.90 km) exceeds the maximum range available in the telemetry catalog (80.00 km).,4.54,109.9,86.6,114.4,High Wing,Twin Boom Pusher,Twin Boom,Skid,High Wing / Twin Boom Pusher,,,,,,,,,,,,200.0,0.85,0.8428,2.903,10.0,0.37,0.0,0.246,0.0,0.0,2.5,13.47,MH 32,1.24,2.177,0.261,0.319,8.34,0.0536,0.543,0.0492,0.351,,T-Motor AT4120,22x12 APC,Generic ESC,1,8.83,38.96,526.7,1400,0.65,Pixhawk 6C,GPS Module,,4x Digital Servo,LiPo Pack,,,,,,,,,,,,,,,1,,False,,,,,,1,0,HIGH,
FW-047,MILITARY,MTOW_LIMIT_EXCEEDED,N/A,Mass validation error at iteration 5: Calculated takeoff weight (27.06 kg) exceeds maximum takeoff weight limit constraint (25.00 kg).,5.07,57.5,104.9,122.4,High Wing,Tractor,Conventional,Tricycle,High Wing / Tractor,12.675,23.952,0.15,14.347,0.599,8.51,0.685,0.26,9.455,14.497,2869.4,200.0,0.85,1.7081,4.133,10.0,0.526,0.0,0.351,0.0,0.0,2.5,13.47,MH 32,1.377,3.1,0.372,0.455,8.33,0.1087,0.773,0.0996,0.499,,KDE Direct 7215XF,22x12 APC,Generic ESC,1,25.04,78.95,1597.1,3400,0.65,Pixhawk 6C,GPS Module,Silvus StreamCaster Lite,4x Digital Servo,LiPo Pack,1.131,2.11,1.19,18.93,18.0,49.9,122.4,170.6,5.94,30.8,7.87,213.99,104.9,9.01,5,0.141195,False,,,,,,1,0,HIGH,
FW-048,MILITARY,COMPONENT_DATABASE_LIMITATION,N/A,Subsystem execution failed at iteration 1: COMPONENT_DATABASE_LIMITATION: Required communication range (192.50 km) exceeds the maximum range available in the telemetry catalog (80.00 km).,5.38,192.5,220.5,110.6,High Wing,Twin Boom Pusher,Twin Boom,Skid,High Wing / Twin Boom Pusher,,,,,,,,,,,,200.0,0.85,0.9987,3.16,10.0,0.402,0.0,0.268,0.0,0.0,2.5,13.47,MH 32,1.253,2.37,0.284,0.348,8.35,0.0636,0.591,0.0583,0.382,,T-Motor AT4120,22x12 APC,Generic ESC,1,10.47,46.16,603.4,1400,0.65,Pixhawk 6C,GPS Module,,4x Digital Servo,LiPo Pack,,,,,,,,,,,,,,,1,,False,,,,,,1,0,HIGH,
FW-049,MILITARY,COMPONENT_DATABASE_LIMITATION,N/A,Subsystem execution failed at iteration 1: COMPONENT_DATABASE_LIMITATION: Required communication range (87.10 km) exceeds the maximum range available in the telemetry catalog (80.00 km).,4.04,87.1,174.8,118.3,High Wing,Tractor,Conventional,Tricycle,High Wing / Tractor,,,,,,,,,,,,200.0,0.85,0.75,2.739,10.0,0.349,0.0,0.233,0.0,0.0,2.5,13.47,MH 32,1.233,2.054,0.246,0.301,8.35,0.0478,0.513,0.0438,0.331,,T-Motor AT3520,22x12 APC,Generic ESC,1,7.86,34.67,484.6,950,0.65,Pixhawk 6C,GPS Module,,4x Digital Servo,LiPo Pack,,,,,,,,,,,,,,,1,,False,,,,,,1,0,HIGH,
FW-050,RESEARCH,COMPONENT_DATABASE_LIMITATION,N/A,Subsystem execution failed at iteration 1: COMPONENT_DATABASE_LIMITATION: Required communication range (100.40 km) exceeds the maximum range available in the telemetry catalog (80.00 km).,3.94,100.4,220.7,84.0,High Wing,Tractor,Conventional,Tricycle,High Wing / Tractor,,,,,,,,,,,,200.0,0.85,0.7314,2.18,6.5,0.447,0.224,0.348,0.5,0.0,3.0,13.47,NACA 4412,1.474,1.635,0.226,0.277,7.23,0.0973,0.662,0.0488,0.312,,T-Motor AT3520,20x10 APC,Generic ESC,1,8.76,33.81,383.6,950,0.65,Pixhawk 6C,GPS Module,,4x Digital Servo,LiPo Pack,,,,,,,,,,,,,,,1,,False,,,,,,1,0,HIGH,
FW-051,RESEARCH,COMPONENT_DATABASE_LIMITATION,N/A,Subsystem execution failed at iteration 1: COMPONENT_DATABASE_LIMITATION: Required communication range (111.10 km) exceeds the maximum range available in the telemetry catalog (80.00 km).,3.26,111.1,157.7,100.8,High Wing,Tractor,Conventional,Tricycle,High Wing / Tractor,,,,,,,,,,,,200.0,0.85,0.6052,1.983,6.5,0.407,0.203,0.316,0.5,0.0,3.0,13.47,NACA 4412,1.5,1.487,0.206,0.252,7.22,0.0805,0.602,0.0403,0.284,,T-Motor AT3520,18x10 APC,Generic ESC,1,7.25,27.97,380.8,950,0.65,Pixhawk 6C,GPS Module,,4x Digital Servo,LiPo Pack,,,,,,,,,,,,,,,1,,False,,,,,,1,0,HIGH,
FW-052,SECURITY,COMPONENT_DATABASE_LIMITATION,N/A,Subsystem execution failed at iteration 1: COMPONENT_DATABASE_LIMITATION: Required communication range (178.50 km) exceeds the maximum range available in the telemetry catalog (80.00 km).,5.78,178.5,197.8,99.0,High Wing,Twin Boom Pusher,Twin Boom,Skid,High Wing / Twin Boom Pusher,,,,,,,,,,,,200.0,0.85,1.073,3.276,10.0,0.417,0.0,0.278,0.0,0.0,2.5,13.47,MH 32,1.234,2.457,0.295,0.36,8.33,0.0683,0.613,0.0626,0.396,,T-Motor AT4120,22x12 APC,Generic ESC,1,11.25,49.6,580.3,1400,0.65,Pixhawk 6C,GPS Module,,4x Digital Servo,LiPo Pack,,,,,,,,,,,,,,,1,,False,,,,,,1,0,HIGH,
FW-053,RESEARCH,COMPONENT_DATABASE_LIMITATION,N/A,Subsystem execution failed at iteration 1: COMPONENT_DATABASE_LIMITATION: Required communication range (112.90 km) exceeds the maximum range available in the telemetry catalog (80.00 km).,6.81,112.9,194.6,107.3,High Wing,Tractor,Conventional,Tricycle,High Wing / Tractor,,,,,,,,,,,,200.0,0.85,1.2642,2.866,6.5,0.588,0.294,0.457,0.5,0.0,3.0,13.47,NACA 4412,1.666,2.15,0.298,0.364,7.21,0.1681,0.87,0.0843,0.411,,KDE Direct 7215XF,22x12 APC,Generic ESC,1,15.14,58.44,846.8,3400,0.65,Pixhawk 6C,GPS Module,,4x Digital Servo,LiPo Pack,,,,,,,,,,,,,,,1,,False,,,,,,1,0,HIGH,
FW-054,MILITARY,COMPONENT_DATABASE_LIMITATION,N/A,Subsystem execution failed at iteration 1: COMPONENT_DATABASE_LIMITATION: Required communication range (150.30 km) exceeds the maximum range available in the telemetry catalog (80.00 km).,4.56,150.3,203.7,116.2,High Wing,Tractor,Conventional,Tricycle,High Wing / Tractor,,,,,,,,,,,,200.0,0.85,0.8465,2.909,10.0,0.37,0.0,0.247,0.0,0.0,2.5,13.47,MH 32,1.244,2.182,0.262,0.32,8.33,0.0539,0.544,0.0494,0.351,,T-Motor AT4120,22x12 APC,Generic ESC,1,8.87,39.13,537.3,1400,0.65,Pixhawk 6C,GPS Module,,4x Digital Servo,LiPo Pack,,,,,,,,,,,,,,,1,,False,,,,,,1,0,HIGH,
FW-055,MILITARY,COMPONENT_DATABASE_LIMITATION,N/A,Subsystem execution failed at iteration 1: COMPONENT_DATABASE_LIMITATION: Required communication range (149.40 km) exceeds the maximum range available in the telemetry catalog (80.00 km).,5.37,149.4,75.1,101.4,High Wing,Tractor,Conventional,Tricycle,High Wing / Tractor,,,,,,,,,,,,200.0,0.85,0.9968,3.157,10.0,0.402,0.0,0.268,0.0,0.0,2.5,13.47,MH 32,1.23,2.368,0.284,0.347,8.34,0.0635,0.591,0.0582,0.381,,T-Motor AT4120,22x12 APC,Generic ESC,1,10.45,46.08,552.2,1400,0.65,Pixhawk 6C,GPS Module,,4x Digital Servo,LiPo Pack,,,,,,,,,,,,,,,1,,False,,,,,,1,0,HIGH,
FW-056,MILITARY,COMPONENT_DATABASE_LIMITATION,N/A,Subsystem execution failed at iteration 1: COMPONENT_DATABASE_LIMITATION: Required communication range (100.60 km) exceeds the maximum range available in the telemetry catalog (80.00 km).,4.82,100.6,218.3,93.9,High Wing,Twin Boom Pusher,Twin Boom,Skid,High Wing / Twin Boom Pusher,,,,,,,,,,,,200.0,0.85,0.8948,2.991,10.0,0.381,0.0,0.254,0.0,0.0,2.5,13.47,MH 32,1.199,2.243,0.269,0.329,8.34,0.057,0.56,0.0522,0.361,,T-Motor AT4120,22x12 APC,Generic ESC,1,9.38,41.36,459.0,1400,0.65,Pixhawk 6C,GPS Module,,4x Digital Servo,LiPo Pack,,,,,,,,,,,,,,,1,,False,,,,,,1,0,HIGH,
FW-057,SECURITY,COMPONENT_DATABASE_LIMITATION,N/A,Subsystem execution failed at iteration 1: COMPONENT_DATABASE_LIMITATION: Required communication range (192.80 km) exceeds the maximum range available in the telemetry catalog (80.00 km).,3.21,192.8,100.4,83.4,High Wing,Tractor,Conventional,Tricycle,High Wing / Tractor,,,,,,,,,,,,200.0,0.85,0.5959,2.441,10.0,0.311,0.0,0.207,0.0,0.0,2.5,13.47,MH 32,1.138,1.831,0.22,0.269,8.32,0.0379,0.457,0.0348,0.295,,T-Motor AT3520,20x10 APC,Generic ESC,1,6.25,27.54,271.5,950,0.65,Pixhawk 6C,GPS Module,,4x Digital Servo,LiPo Pack,,,,,,,,,,,,,,,1,,False,,,,,,1,0,HIGH,
FW-058,RESEARCH,MTOW_LIMIT_EXCEEDED,N/A,Mass validation error at iteration 3: Calculated takeoff weight (26.12 kg) exceeds maximum takeoff weight limit constraint (25.00 kg).,3.61,68.9,180.5,108.2,High Wing,Tractor,Conventional,Tricycle,High Wing / Tractor,9.025,19.717,1.95,11.346,0.575,5.786,0.375,0.26,6.421,13.296,2269.2,200.0,0.85,1.3461,2.958,6.5,0.607,0.303,0.472,0.5,0.0,3.0,13.47,NACA 4412,1.686,2.219,0.307,0.375,7.23,0.1789,0.897,0.0897,0.424,,KDE Direct 7215XF,22x12 APC,Generic ESC,1,15.23,62.22,859.0,3400,0.65,Pixhawk 6C,GPS Module,Silvus StreamCaster Lite,4x Digital Servo,LiPo Pack,0.809,-4.03,0.881,11.23,18.0,50.9,108.2,145.5,2.47,30.81,6.81,325.51,180.5,11.67,3,0.356563,False,,,,,,1,0,HIGH,
FW-059,RESEARCH,COMPONENT_DATABASE_LIMITATION,N/A,Subsystem execution failed at iteration 1: COMPONENT_DATABASE_LIMITATION: Required communication range (194.60 km) exceeds the maximum range available in the telemetry catalog (80.00 km).,5.42,194.6,189.3,118.9,High Wing,Tractor,Conventional,Tricycle,High Wing / Tractor,,,,,,,,,,,,200.0,0.85,1.0061,2.557,6.5,0.525,0.262,0.408,0.5,0.0,3.0,13.47,NACA 4412,1.661,1.918,0.266,0.325,7.21,0.1338,0.776,0.0671,0.366,,T-Motor AT4120,22x12 APC,Generic ESC,1,12.05,46.51,746.9,1400,0.65,Pixhawk 6C,GPS Module,,4x Digital Servo,LiPo Pack,,,,,,,,,,,,,,,1,,False,,,,,,1,0,HIGH,
FW-060,RESEARCH,COMPONENT_DATABASE_LIMITATION,N/A,Subsystem execution failed at iteration 1: COMPONENT_DATABASE_LIMITATION: Required communication range (186.20 km) exceeds the maximum range available in the telemetry catalog (80.00 km).,5.3,186.2,127.6,127.1,High Wing,Tractor,Conventional,Tricycle,High Wing / Tractor,,,,,,,,,,,,200.0,0.85,0.9839,2.529,6.5,0.519,0.259,0.404,0.5,0.0,3.0,13.47,NACA 4412,1.688,1.897,0.263,0.321,7.21,0.1309,0.767,0.0656,0.362,,T-Motor AT4120,22x12 APC,Generic ESC,1,11.79,45.48,780.7,1400,0.65,Pixhawk 6C,GPS Module,,4x Digital Servo,LiPo Pack,,,,,,,,,,,,,,,1,,False,,,,,,1,0,HIGH,
FW-061,SECURITY,COMPONENT_DATABASE_LIMITATION,N/A,Subsystem execution failed at iteration 1: COMPONENT_DATABASE_LIMITATION: Required communication range (165.90 km) exceeds the maximum range available in the telemetry catalog (80.00 km).,3.41,165.9,213.1,110.0,High Wing,Tractor,Conventional,Tricycle,High Wing / Tractor,,,,,,,,,,,,200.0,0.85,0.633,2.516,10.0,0.32,0.0,0.214,0.0,0.0,2.5,13.47,MH 32,1.196,1.887,0.226,0.277,8.35,0.0403,0.471,0.0369,0.304,,T-Motor AT3520,20x10 APC,Generic ESC,1,6.64,29.26,380.4,950,0.65,Pixhawk 6C,GPS Module,,4x Digital Servo,LiPo Pack,,,,,,,,,,,,,,,1,,False,,,,,,1,0,HIGH,
FW-062,MILITARY,COMPONENT_DATABASE_LIMITATION,N/A,Subsystem execution failed at iteration 1: COMPONENT_DATABASE_LIMITATION: Required communication range (147.10 km) exceeds the maximum range available in the telemetry catalog (80.00 km).,3.28,147.1,62.3,101.0,High Wing,Tractor,Conventional,Tricycle,High Wing / Tractor,,,,,,,,,,,,200.0,0.85,0.6089,2.467,10.0,0.314,0.0,0.209,0.0,0.0,2.5,13.47,MH 32,1.174,1.851,0.222,0.271,8.34,0.0388,0.462,0.0355,0.298,,T-Motor AT3520,20x10 APC,Generic ESC,1,6.38,28.15,335.9,950,0.65,Pixhawk 6C,GPS Module,,4x Digital Servo,LiPo Pack,,,,,,,,,,,,,,,1,,False,,,,,,1,0,HIGH,
FW-063,DISASTER_RESPONSE,COMPONENT_DATABASE_LIMITATION,N/A,Subsystem execution failed at iteration 1: COMPONENT_DATABASE_LIMITATION: Required communication range (156.10 km) exceeds the maximum range available in the telemetry catalog (80.00 km).,6.31,156.1,138.4,116.7,High Wing,Pusher,Conventional,Belly Landing,High Wing / Pusher,,,,,,,,,,,,200.0,0.85,1.1713,2.964,7.5,0.527,0.264,0.41,0.5,0.0,3.0,13.47,Clark Y,1.595,2.223,0.333,0.408,6.68,0.135,0.779,0.0781,0.395,,KDE Direct 7215XF,22x12 APC,Generic ESC,1,13.48,54.14,819.9,3400,0.65,Pixhawk 6C,GPS Module,,4x Digital Servo,LiPo Pack,,,,,,,,,,,,,,,1,,False,,,,,,1,0,HIGH,
FW-064,MILITARY,COMPONENT_DATABASE_LIMITATION,N/A,Subsystem execution failed at iteration 1: COMPONENT_DATABASE_LIMITATION: Required communication range (177.80 km) exceeds the maximum range available in the telemetry catalog (80.00 km).,4.07,177.8,209.5,84.3,High Wing,Tractor,Conventional,Tricycle,High Wing / Tractor,,,,,,,,,,,,200.0,0.85,0.7555,2.749,10.0,0.35,0.0,0.233,0.0,0.0,2.5,13.47,MH 32,1.16,2.062,0.247,0.302,8.35,0.0481,0.514,0.0441,0.332,,T-Motor AT3520,22x12 APC,Generic ESC,1,7.92,34.92,347.9,950,0.65,Pixhawk 6C,GPS Module,,4x Digital Servo,LiPo Pack,,,,,,,,,,,,,,,1,,False,,,,,,1,0,HIGH,
FW-065,DISASTER_RESPONSE,COMPONENT_DATABASE_LIMITATION,N/A,Subsystem execution failed at iteration 1: COMPONENT_DATABASE_LIMITATION: Required communication range (124.10 km) exceeds the maximum range available in the telemetry catalog (80.00 km).,4.35,124.1,118.5,104.4,High Wing,Pusher,Conventional,Belly Landing,High Wing / Pusher,,,,,,,,,,,,200.0,0.85,0.8075,2.461,7.5,0.438,0.219,0.34,0.5,0.0,3.0,13.47,Clark Y,1.48,1.846,0.277,0.338,6.66,0.093,0.647,0.0538,0.328,,T-Motor U8 Lite,22x12 APC,Generic ESC,1,9.29,37.33,505.7,1000,0.65,Pixhawk 6C,GPS Module,,4x Digital Servo,LiPo Pack,,,,,,,,,,,,,,,1,,False,,,,,,1,0,HIGH,
FW-066,DELIVERY,COMPONENT_DATABASE_LIMITATION,N/A,Subsystem execution failed at iteration 1: COMPONENT_DATABASE_LIMITATION: Required communication range (96.70 km) exceeds the maximum range available in the telemetry catalog (80.00 km).,13.8,96.7,114.7,79.6,High Wing,Twin Tractor,Conventional,Tricycle,High Wing / Twin Tractor,,,,,,,,,,,,200.0,0.85,2.5617,3.65,5.2,0.936,0.468,0.728,0.5,0.0,3.0,13.47,Selig S1223,2.316,2.737,0.493,0.602,5.55,0.5534,1.488,0.2135,0.62,,DLE 55cc,22x12 APC,Generic ESC,1,32.41,118.42,1344.4,4101.4,0.65,Pixhawk 6C,GPS Module,,4x Digital Servo,LiPo Pack,,,,,,,,,,,,,,,1,,False,,,,,,1,0,HIGH,
FW-067,DELIVERY,COMPONENT_DATABASE_LIMITATION,N/A,Subsystem execution failed at iteration 1: COMPONENT_DATABASE_LIMITATION: Required communication range (112.90 km) exceeds the maximum range available in the telemetry catalog (80.00 km).,12.58,112.9,132.2,94.5,High Wing,Twin Tractor,Conventional,Tricycle,High Wing / Twin Tractor,,,,,,,,,,,,200.0,0.85,2.3353,3.485,5.2,0.893,0.447,0.695,0.5,0.0,3.0,13.47,Selig S1223,2.405,2.614,0.47,0.575,5.56,0.5045,1.421,0.1946,0.592,,DLE 55cc,22x12 APC,Generic ESC,1,29.54,107.95,1454.9,4101.4,0.65,Pixhawk 6C,GPS Module,,4x Digital Servo,LiPo Pack,,,,,,,,,,,,,,,1,,False,,,,,,1,0,HIGH,
FW-068,DELIVERY,MTOW_LIMIT_EXCEEDED,N/A,Mass validation error at iteration 1: Calculated takeoff weight (41.56 kg) exceeds maximum takeoff weight limit constraint (25.00 kg).,11.92,66.7,123.5,93.7,High Wing,Twin Tractor,Conventional,Tricycle,High Wing / Twin Tractor,,,,,,,,,,,,200.0,0.85,2.2127,3.392,5.2,0.87,0.435,0.676,0.5,0.0,3.0,13.47,Selig S1223,2.386,2.544,0.458,0.56,5.55,0.4781,1.383,0.1844,0.576,,DLE 55cc,20x10 APC,Generic ESC,1,27.99,102.28,1366.9,4101.4,0.65,Pixhawk 6C,GPS Module,Silvus StreamCaster Lite,4x Digital Servo,LiPo Pack,,,,,,,,,,,,,,,1,,False,,,,,,1,0,HIGH,
FW-069,DELIVERY,MTOW_LIMIT_EXCEEDED,N/A,Mass validation error at iteration 1: Calculated takeoff weight (33.88 kg) exceeds maximum takeoff weight limit constraint (25.00 kg).,10.5,72.2,106.3,85.3,High Wing,Twin Tractor,Conventional,Tricycle,High Wing / Twin Tractor,,,,,,,,,,,,200.0,0.85,1.9491,3.184,5.2,0.816,0.408,0.635,0.5,0.0,3.0,13.47,Selig S1223,2.267,2.388,0.43,0.525,5.55,0.4211,1.298,0.1624,0.541,,DLE 55cc,16x8 APC,Generic ESC,1,24.66,90.1,1096.1,4101.4,0.65,Pixhawk 6C,GPS Module,Silvus StreamCaster Lite,4x Digital Servo,LiPo Pack,,,,,,,,,,,,,,,1,,False,,,,,,1,0,HIGH,
FW-070,DELIVERY,COMPONENT_DATABASE_LIMITATION,N/A,Subsystem execution failed at iteration 1: COMPONENT_DATABASE_LIMITATION: Required communication range (94.30 km) exceeds the maximum range available in the telemetry catalog (80.00 km).,6.2,94.3,147.9,79.3,High Wing,Twin Tractor,Conventional,Tricycle,High Wing / Twin Tractor,,,,,,,,,,,,200.0,0.85,1.1509,2.446,5.2,0.627,0.314,0.488,0.5,0.0,3.0,13.47,Selig S1223,2.069,1.835,0.33,0.404,5.56,0.2486,0.997,0.0959,0.415,,DLE 20cc,16x8 APC,Generic ESC,1,14.56,53.2,601.7,1864.2,0.65,Pixhawk 6C,GPS Module,,4x Digital Servo,LiPo Pack,,,,,,,,,,,,,,,1,,False,,,,,,1,0,HIGH,
FW-071,DELIVERY,COMPONENT_DATABASE_LIMITATION,N/A,Subsystem execution failed at iteration 1: COMPONENT_DATABASE_LIMITATION: Required communication range (121.20 km) exceeds the maximum range available in the telemetry catalog (80.00 km).,10.9,121.2,125.6,119.0,High Wing,Twin Tractor,Conventional,Tricycle,High Wing / Twin Tractor,,,,,,,,,,,,200.0,0.85,2.0234,3.244,5.2,0.832,0.416,0.647,0.5,0.0,3.0,13.47,Selig S1223,2.405,2.433,0.438,0.535,5.55,0.4372,1.322,0.1686,0.551,,DLE 55cc,18x10 APC,Generic ESC,1,25.6,93.53,1587.5,4101.4,0.65,Pixhawk 6C,GPS Module,,4x Digital Servo,LiPo Pack,,,,,,,,,,,,,,,1,,False,,,,,,1,0,HIGH,
FW-072,DELIVERY,INVALID_REQUIREMENTS,N/A,Mission processing failed: Mission range (115.0 km) is physically inconsistent with cruise speed (72.3 km/h) and flight time (62.1 min). Max theoretical range is 74.8 km.,8.02,115.0,62.1,72.3,,,,,,,,,,,,,,,,,200.0,0.85,,,,,,,,,,,,,,,,,,,,,,,,Generic ESC,1,,,,,,Pixhawk 6C,GPS Module,,4x Digital Servo,LiPo Pack,,,,,,,,,,,,,,,0,,False,,,,,,0,0,HIGH,
FW-073,DELIVERY,COMPONENT_DATABASE_LIMITATION,N/A,Subsystem execution failed at iteration 1: COMPONENT_DATABASE_LIMITATION: Required communication range (134.20 km) exceeds the maximum range available in the telemetry catalog (80.00 km).,6.26,134.2,111.3,113.6,High Wing,Twin Tractor,Conventional,Tricycle,High Wing / Twin Tractor,,,,,,,,,,,,200.0,0.85,1.1621,2.458,5.2,0.63,0.315,0.49,0.5,0.0,3.0,13.47,Selig S1223,2.287,1.844,0.332,0.406,5.55,0.251,1.002,0.0968,0.417,,DLE 35cc,10x7 APC,Generic ESC,1,14.7,53.72,870.3,3057.4,0.65,Pixhawk 6C,GPS Module,,4x Digital Servo,LiPo Pack,,,,,,,,,,,,,,,1,,False,,,,,,1,0,HIGH,
FW-074,DELIVERY,COMPONENT_DATABASE_LIMITATION,N/A,Subsystem execution failed at iteration 1: COMPONENT_DATABASE_LIMITATION: Required communication range (145.90 km) exceeds the maximum range available in the telemetry catalog (80.00 km).,8.41,145.9,79.1,113.1,High Wing,Twin Tractor,Conventional,Tricycle,High Wing / Twin Tractor,,,,,,,,,,,,200.0,0.85,1.5612,2.849,5.2,0.731,0.365,0.568,0.5,0.0,3.0,13.47,Selig S1223,2.397,2.137,0.385,0.47,5.55,0.3372,1.161,0.1301,0.484,,DLE 35cc,16x8 APC,Generic ESC,1,19.75,72.16,1164.1,3057.4,0.65,Pixhawk 6C,GPS Module,,4x Digital Servo,LiPo Pack,,,,,,,,,,,,,,,1,,False,,,,,,1,0,HIGH,
FW-075,DELIVERY,INVALID_REQUIREMENTS,N/A,Mission processing failed: Mission range (105.5 km) is physically inconsistent with cruise speed (77.5 km/h) and flight time (52.2 min). Max theoretical range is 67.4 km.,5.74,105.5,52.2,77.5,,,,,,,,,,,,,,,,,200.0,0.85,,,,,,,,,,,,,,,,,,,,,,,,Generic ESC,1,,,,,,Pixhawk 6C,GPS Module,,4x Digital Servo,LiPo Pack,,,,,,,,,,,,,,,0,,False,,,,,,0,0,HIGH,
FW-076,DELIVERY,COMPONENT_DATABASE_LIMITATION,N/A,Subsystem execution failed at iteration 1: COMPONENT_DATABASE_LIMITATION: Required communication range (97.00 km) exceeds the maximum range available in the telemetry catalog (80.00 km).,7.48,97.0,101.2,99.8,High Wing,Twin Tractor,Conventional,Tricycle,High Wing / Twin Tractor,,,,,,,,,,,,200.0,0.85,1.3885,2.687,5.2,0.689,0.344,0.536,0.5,0.0,3.0,13.47,Selig S1223,2.258,2.015,0.363,0.443,5.55,0.3,1.095,0.1157,0.456,,DLE 35cc,13x8 APC,Generic ESC,1,17.57,64.18,913.6,3057.4,0.65,Pixhawk 6C,GPS Module,,4x Digital Servo,LiPo Pack,,,,,,,,,,,,,,,1,,False,,,,,,1,0,HIGH,
FW-077,DELIVERY,COMPONENT_DATABASE_LIMITATION,N/A,Subsystem execution failed at iteration 1: COMPONENT_DATABASE_LIMITATION: Required communication range (83.10 km) exceeds the maximum range available in the telemetry catalog (80.00 km).,9.51,83.1,161.1,119.5,High Wing,Twin Tractor,Conventional,Tricycle,High Wing / Twin Tractor,,,,,,,,,,,,200.0,0.85,1.7654,3.03,5.2,0.777,0.388,0.604,0.5,0.0,3.0,13.47,Selig S1223,2.405,2.272,0.409,0.5,5.56,0.3814,1.235,0.1471,0.515,,DLE 55cc,14x10 APC,Generic ESC,1,22.33,81.6,1390.8,4101.4,0.65,Pixhawk 6C,GPS Module,,4x Digital Servo,LiPo Pack,,,,,,,,,,,,,,,1,,False,,,,,,1,0,HIGH,
FW-078,DELIVERY,MTOW_LIMIT_EXCEEDED,N/A,Mass validation error at iteration 1: Calculated takeoff weight (56.02 kg) exceeds maximum takeoff weight limit constraint (25.00 kg).,14.6,41.9,148.0,101.3,High Wing,Twin Tractor,Conventional,Tricycle,High Wing / Twin Tractor,,,,,,,,,,,,200.0,0.85,2.7102,3.754,5.2,0.963,0.481,0.749,0.5,0.0,3.0,13.47,Selig S1223,2.405,2.816,0.507,0.619,5.55,0.5857,1.531,0.2259,0.638,,DLE 55cc,22x12 APC,Generic ESC,1,34.29,125.28,1810.1,4101.4,0.65,Pixhawk 6C,GPS Module,Microhard PMDDL2450,4x Digital Servo,LiPo Pack,,,,,,,,,,,,,,,1,,False,,,,,,1,0,HIGH,
FW-079,DELIVERY,STABILITY_INFEASIBLE,N/A,Verification execution error: Design compliance score (88.0%) is below the minimum required safety compliance boundary (90.0%).,6.74,39.0,45.4,92.5,High Wing,Twin Tractor,Conventional,Tricycle,High Wing / Twin Tractor,16.85,20.172,6.74,3.56,0.176,8.397,1.215,0.26,9.872,10.3,712.0,200.0,0.85,1.4819,3.486,8.2,0.567,0.283,0.441,0.5,0.0,3.0,13.47,Selig S1223,2.096,2.614,0.471,0.575,5.55,0.203,0.901,0.1235,0.471,,DLE 35cc,15x10 APC,Generic ESC,1,16.49,68.5,794.8,3057.4,0.65,Pixhawk 6C,GPS Module,RFDesign RFD900ux,4x Digital Servo,LiPo Pack,0.778,-38.38,1.132,41.91,80.4,37.0,92.5,165.2,7.24,27.15,5.47,70.0,45.4,11.83,6,0.008082,True,,,,,,1,0,HIGH,
FW-080,DELIVERY,MTOW_LIMIT_EXCEEDED,N/A,Mass validation error at iteration 1: Calculated takeoff weight (28.57 kg) exceeds maximum takeoff weight limit constraint (25.00 kg).,7.88,63.9,161.0,73.6,High Wing,Twin Tractor,Conventional,Tricycle,High Wing / Twin Tractor,,,,,,,,,,,,200.0,0.85,1.4628,2.758,5.2,0.707,0.354,0.55,0.5,0.0,3.0,13.47,Selig S1223,2.092,2.069,0.372,0.455,5.56,0.316,1.124,0.1219,0.468,,DLE 35cc,14x10 APC,Generic ESC,1,18.5,67.62,709.8,3057.4,0.65,Pixhawk 6C,GPS Module,Silvus StreamCaster Lite,4x Digital Servo,LiPo Pack,,,,,,,,,,,,,,,1,,False,,,,,,1,0,HIGH,
FW-081,SECURITY,COMPONENT_DATABASE_LIMITATION,N/A,Subsystem execution failed at iteration 1: COMPONENT_DATABASE_LIMITATION: Required communication range (232.20 km) exceeds the maximum range available in the telemetry catalog (80.00 km).,3.31,232.2,348.1,91.3,High Wing,Twin Boom Pusher,Twin Boom,Skid,High Wing / Twin Boom Pusher,,,,,,,,,,,,200.0,0.85,0.6144,2.479,10.0,0.316,0.0,0.21,0.0,0.0,2.5,13.47,MH 32,1.156,1.859,0.223,0.273,8.34,0.0391,0.464,0.0358,0.299,,T-Motor AT3520,20x10 APC,Generic ESC,1,6.44,32.46,306.4,950,0.65,Pixhawk 6C,GPS Module,,4x Digital Servo,LiPo Pack,,,,,,,,,,,,,,,1,,False,,,,,,1,0,HIGH,
FW-082,RESEARCH,COMPONENT_DATABASE_LIMITATION,N/A,Subsystem execution failed at iteration 1: COMPONENT_DATABASE_LIMITATION: Required communication range (161.50 km) exceeds the maximum range available in the telemetry catalog (80.00 km).,1.25,161.5,314.8,98.5,High Wing,Tractor,Conventional,Tricycle,High Wing / Tractor,,,,,,,,,,,,200.0,0.85,0.232,1.228,6.5,0.252,0.126,0.196,0.5,0.0,3.0,13.47,NACA 4412,1.377,0.921,0.128,0.156,7.2,0.0308,0.372,0.0155,0.176,,SunnySky X2216,12x6 APC,Generic ESC,1,2.78,10.73,142.7,380,0.65,Pixhawk 6C,GPS Module,,4x Digital Servo,LiPo Pack,,,,,,,,,,,,,,,1,,False,,,,,,1,0,HIGH,
FW-083,SURVEY,COMPONENT_DATABASE_LIMITATION,N/A,Subsystem execution failed at iteration 1: COMPONENT_DATABASE_LIMITATION: Required communication range (200.10 km) exceeds the maximum range available in the telemetry catalog (80.00 km).,4.74,200.1,268.9,74.0,High Wing,Pusher,Conventional,Tricycle,High Wing / Pusher,,,,,,,,,,,,200.0,0.85,0.8799,2.569,7.5,0.457,0.228,0.355,0.5,0.0,3.0,13.47,Clark Y,1.394,1.927,0.289,0.353,6.67,0.1014,0.675,0.0587,0.343,,T-Motor AT4120,22x12 APC,Generic ESC,1,10.13,40.67,390.6,1400,0.65,Pixhawk 6C,GPS Module,,4x Digital Servo,LiPo Pack,,,,,,,,,,,,,,,1,,False,,,,,,1,0,HIGH,
FW-084,SECURITY,COMPONENT_DATABASE_LIMITATION,N/A,Subsystem execution failed at iteration 1: COMPONENT_DATABASE_LIMITATION: Required communication range (267.20 km) exceeds the maximum range available in the telemetry catalog (80.00 km).,4.83,267.2,283.5,117.5,High Wing,Twin Boom Pusher,Twin Boom,Skid,High Wing / Twin Boom Pusher,,,,,,,,,,,,200.0,0.85,0.8966,2.994,10.0,0.381,0.0,0.254,0.0,0.0,2.5,13.47,MH 32,1.255,2.246,0.269,0.329,8.35,0.0571,0.56,0.0523,0.362,,T-Motor AT4120,22x12 APC,Generic ESC,1,9.4,41.45,575.5,1400,0.65,Pixhawk 6C,GPS Module,,4x Digital Servo,LiPo Pack,,,,,,,,,,,,,,,1,,False,,,,,,1,0,HIGH,
FW-085,RESEARCH,COMPONENT_DATABASE_LIMITATION,N/A,Subsystem execution failed at iteration 1: COMPONENT_DATABASE_LIMITATION: Required communication range (136.30 km) exceeds the maximum range available in the telemetry catalog (80.00 km).,4.62,136.3,285.4,101.7,High Wing,Tractor,Conventional,Tricycle,High Wing / Tractor,,,,,,,,,,,,200.0,0.85,0.8576,2.361,6.5,0.484,0.242,0.377,0.5,0.0,3.0,13.47,NACA 4412,1.562,1.771,0.245,0.3,7.23,0.114,0.716,0.0572,0.338,,T-Motor AT4120,22x12 APC,Generic ESC,1,10.27,56.63,544.5,1400,0.65,Pixhawk 6C,GPS Module,,4x Digital Servo,LiPo Pack,,,,,,,,,,,,,,,1,,False,,,,,,1,0,HIGH,
FW-086,SECURITY,COMPONENT_DATABASE_LIMITATION,N/A,Subsystem execution failed at iteration 1: COMPONENT_DATABASE_LIMITATION: Required communication range (132.20 km) exceeds the maximum range available in the telemetry catalog (80.00 km).,0.97,132.2,254.1,94.8,High Wing,Twin Boom Pusher,Twin Boom,Skid,High Wing / Twin Boom Pusher,,,,,,,,,,,,200.0,0.85,0.1801,1.342,10.0,0.171,0.0,0.114,0.0,0.0,2.5,13.47,MH 32,1.078,1.006,0.121,0.148,8.31,0.0115,0.251,0.0105,0.162,,SunnySky X2216,11x7 APC,Generic ESC,1,1.89,8.32,93.2,380,0.65,Pixhawk 6C,GPS Module,,4x Digital Servo,LiPo Pack,,,,,,,,,,,,,,,1,,False,,,,,,1,0,HIGH,
FW-087,SURVEY,COMPONENT_DATABASE_LIMITATION,N/A,Subsystem execution failed at iteration 1: COMPONENT_DATABASE_LIMITATION: Required communication range (254.50 km) exceeds the maximum range available in the telemetry catalog (80.00 km).,1.02,254.5,335.7,111.2,High Wing,Pusher,Conventional,Tricycle,High Wing / Pusher,,,,,,,,,,,,200.0,0.85,0.1893,1.192,7.5,0.212,0.106,0.165,0.5,0.0,3.0,13.47,Clark Y,1.319,0.894,0.134,0.164,6.67,0.0218,0.313,0.0126,0.159,,SunnySky X2216,12x6 APC,Generic ESC,1,2.18,8.75,126.3,380,0.65,Pixhawk 6C,GPS Module,,4x Digital Servo,LiPo Pack,,,,,,,,,,,,,,,1,,False,,,,,,1,0,HIGH,
FW-088,SECURITY,COMPONENT_DATABASE_LIMITATION,N/A,Subsystem execution failed at iteration 1: COMPONENT_DATABASE_LIMITATION: Required communication range (225.10 km) exceeds the maximum range available in the telemetry catalog (80.00 km).,3.9,225.1,316.8,80.2,High Wing,Tractor,Conventional,Tricycle,High Wing / Tractor,,,,,,,,,,,,200.0,0.85,0.724,2.691,10.0,0.343,0.0,0.228,0.0,0.0,2.5,13.47,MH 32,1.148,2.018,0.242,0.296,8.34,0.0461,0.504,0.0422,0.325,,T-Motor AT3520,22x12 APC,Generic ESC,1,7.59,38.25,317.2,950,0.65,Pixhawk 6C,GPS Module,,4x Digital Servo,LiPo Pack,,,,,,,,,,,,,,,1,,False,,,,,,1,0,HIGH,
FW-089,RESEARCH,COMPONENT_DATABASE_LIMITATION,N/A,Subsystem execution failed at iteration 1: COMPONENT_DATABASE_LIMITATION: Required communication range (226.00 km) exceeds the maximum range available in the telemetry catalog (80.00 km).,0.63,226.0,323.9,105.5,High Wing,Tractor,Conventional,Tricycle,High Wing / Tractor,,,,,,,,,,,,200.0,0.85,0.1169,0.872,6.5,0.179,0.089,0.139,0.5,0.0,3.0,13.47,NACA 4412,1.332,0.654,0.093,0.111,7.03,0.0155,0.264,0.0078,0.125,,SunnySky X2216,11x7 APC,Generic ESC,1,1.4,7.72,77.0,380,0.65,Pixhawk 6C,GPS Module,,4x Digital Servo,LiPo Pack,,,,,,,,,,,,,,,1,,False,,,,,,1,0,HIGH,
FW-090,SECURITY,COMPONENT_DATABASE_LIMITATION,N/A,Subsystem execution failed at iteration 1: COMPONENT_DATABASE_LIMITATION: Required communication range (289.40 km) exceeds the maximum range available in the telemetry catalog (80.00 km).,1.01,289.4,296.6,77.7,High Wing,Tractor,Conventional,Tricycle,High Wing / Tractor,,,,,,,,,,,,200.0,0.85,0.1875,1.369,10.0,0.174,0.0,0.116,0.0,0.0,2.5,13.47,MH 32,1.061,1.027,0.123,0.151,8.35,0.0119,0.256,0.0109,0.165,,SunnySky X2216,11x7 APC,Generic ESC,1,1.97,8.67,79.6,380,0.65,Pixhawk 6C,GPS Module,,4x Digital Servo,LiPo Pack,,,,,,,,,,,,,,,1,,False,,,,,,1,0,HIGH,
FW-091,SURVEY,INVALID_REQUIREMENTS,N/A,Mission processing failed: Stall speed target (45.0 km/h) must be less than cruise speed (40.0 km/h),1.0,20.0,30.0,40.0,,,,,,,,,,,,,,,,,200.0,0.85,,,,,,,,,,,,,,,,,,,,,,,,Generic ESC,1,,,,,,Pixhawk 6C,GPS Module,,4x Digital Servo,LiPo Pack,,,,,,,,,,,,,,,0,,False,,,,,,0,0,HIGH,
FW-092,DELIVERY,PROPULSION_INFEASIBLE,N/A,Propulsion component selection error at iteration 1: Takeoff thrust-to-weight ratio (0.24) is below minimum required constraint limit (0.30).; Selected motor maximum power (4101.4 W) is insufficient to sustain the power required during steady rate of climb (5882.3 W).,25.0,100.0,120.0,110.0,High Wing,Twin Tractor,Conventional,Tricycle,High Wing / Twin Tractor,,,,,,,,,,,,200.0,0.85,4.6408,4.912,5.2,1.26,0.63,0.98,0.5,0.0,3.0,13.47,Selig S1223,2.405,3.684,0.663,0.811,5.56,1.0028,2.003,0.3868,0.834,,,,Generic ESC,1,,,,,,Pixhawk 6C,GPS Module,,4x Digital Servo,LiPo Pack,,,,,,,,,,,,,,,1,,False,,,,,,1,0,HIGH,
FW-093,RESEARCH,COMPONENT_DATABASE_LIMITATION,N/A,Subsystem execution failed at iteration 1: COMPONENT_DATABASE_LIMITATION: Required communication range (150.00 km) exceeds the maximum range available in the telemetry catalog (80.00 km).,1.0,150.0,600.0,90.0,High Wing,Tractor,Conventional,Tricycle,High Wing / Tractor,,,,,,,,,,,,200.0,0.85,0.1856,1.099,6.5,0.225,0.113,0.175,0.5,0.0,3.0,13.47,NACA 4412,1.343,0.824,0.114,0.139,7.23,0.0247,0.333,0.0124,0.157,,SunnySky X2216,11x7 APC,Generic ESC,1,2.22,8.58,104.3,380,0.65,Pixhawk 6C,GPS Module,,4x Digital Servo,LiPo Pack,,,,,,,,,,,,,,,1,,False,,,,,,1,0,HIGH,
FW-094,SECURITY,COMPONENT_DATABASE_LIMITATION,N/A,Subsystem execution failed at iteration 1: COMPONENT_DATABASE_LIMITATION: Required communication range (500.00 km) exceeds the maximum range available in the telemetry catalog (80.00 km).,1.5,500.0,240.0,130.0,High Wing,Tractor,Conventional,Tricycle,High Wing / Tractor,,,,,,,,,,,,200.0,0.85,0.2784,1.669,10.0,0.212,0.0,0.142,0.0,0.0,2.5,13.47,MH 32,1.149,1.252,0.15,0.184,8.35,0.0177,0.312,0.0162,0.201,,SunnySky X2216,14x10 APC,Generic ESC,1,2.92,12.87,197.7,380,0.65,Pixhawk 6C,GPS Module,,4x Digital Servo,LiPo Pack,,,,,,,,,,,,,,,1,,False,,,,,,1,0,HIGH,
FW-095,SECURITY,COMPONENT_DATABASE_LIMITATION,N/A,Subsystem execution failed at iteration 1: COMPONENT_DATABASE_LIMITATION: Required communication range (120.00 km) exceeds the maximum range available in the telemetry catalog (80.00 km).,2.0,120.0,60.0,180.0,High Wing,Tractor,Conventional,Tricycle,High Wing / Tractor,,,,,,,,,,,,200.0,0.85,0.3713,1.927,10.0,0.245,0.0,0.164,0.0,0.0,2.5,13.47,MH 32,1.251,1.445,0.173,0.212,8.35,0.0236,0.36,0.0217,0.233,,T-Motor MN5008,16x8 APC,Generic ESC,1,3.89,17.16,365.1,700,0.65,Pixhawk 6C,GPS Module,,4x Digital Servo,LiPo Pack,,,,,,,,,,,,,,,1,,False,,,,,,1,0,HIGH,
FW-096,DELIVERY,MTOW_LIMIT_EXCEEDED,N/A,Mass validation error at iteration 1: Calculated takeoff weight (26.12 kg) exceeds maximum takeoff weight limit constraint (25.00 kg).,10.0,50.0,60.0,70.0,High Wing,Twin Tractor,Conventional,Tricycle,High Wing / Twin Tractor,,,,,,,,,,,,200.0,0.85,1.8563,3.107,5.2,0.797,0.398,0.62,0.5,0.0,3.0,13.47,Selig S1223,2.129,2.33,0.419,0.513,5.56,0.4011,1.267,0.1547,0.528,,DLE 35cc,20x10 APC,Generic ESC,1,23.48,85.81,856.7,3057.4,0.65,Pixhawk 6C,GPS Module,Microhard PMDDL2450,4x Digital Servo,LiPo Pack,,,,,,,,,,,,,,,1,,False,,,,,,1,0,HIGH,
FW-097,RESEARCH,SUCCESS,VERIFIED,,3.0,60.0,90.0,95.0,High Wing,Tractor,Conventional,Tricycle,High Wing / Tractor,7.5,15.21,1.95,5.817,0.382,6.808,0.375,0.26,7.443,7.767,1163.4,200.0,0.85,1.1158,3.256,9.5,0.457,0.229,0.355,0.5,0.0,3.0,13.47,NACA 4412,1.518,2.442,0.338,0.413,7.22,0.1015,0.676,0.0744,0.386,,T-Motor AT4120,22x12 APC,Generic ESC,1,12.55,51.58,621.4,1400,0.65,Pixhawk 6C,GPS Module,Silvus StreamCaster Lite,4x Digital Servo,LiPo Pack,0.955,23.94,1.019,41.95,18.0,43.5,95.0,139.9,3.82,36.74,7.16,142.5,90.0,11.72,14,0.009164,True,Compliant,Compliant,Compliant,Compliant,Compliant,1,0,NORMAL,
FW-098,SURVEY,COMPONENT_DATABASE_LIMITATION,N/A,Subsystem execution failed at iteration 1: COMPONENT_DATABASE_LIMITATION: Required communication range (150.00 km) exceeds the maximum range available in the telemetry catalog (80.00 km).,1.0,150.0,90.0,90.0,High Wing,Pusher,Conventional,Belly Landing,High Wing / Pusher,,,,,,,,,,,,200.0,0.85,0.1856,1.18,7.5,0.21,0.105,0.163,0.5,0.0,3.0,13.47,Clark Y,1.285,0.885,0.133,0.162,6.65,0.0214,0.31,0.0124,0.157,,SunnySky X2216,12x6 APC,Generic ESC,1,2.14,12.26,100.2,380,0.65,Pixhawk 6C,GPS Module,,4x Digital Servo,LiPo Pack,,,,,,,,,,,,,,,1,,False,,,,,,1,0,HIGH,
FW-099,DELIVERY,STABILITY_INFEASIBLE,N/A,Verification execution error: Design compliance score (88.0%) is below the minimum required safety compliance boundary (90.0%).,8.0,40.0,60.0,65.0,High Wing,Twin Tractor,Conventional,Tricycle,High Wing / Twin Tractor,20.0,20.92,8.0,2.728,0.13,8.717,1.215,0.26,10.192,10.728,545.6,200.0,0.85,1.5536,3.569,8.2,0.58,0.29,0.451,0.5,0.0,3.0,13.47,Selig S1223,1.949,2.677,0.482,0.589,5.55,0.2128,0.923,0.1294,0.483,,DLE 35cc,16x8 APC,Generic ESC,1,13.54,71.81,458.8,3057.4,0.65,Pixhawk 6C,GPS Module,RFDesign RFD900ux,4x Digital Servo,LiPo Pack,0.738,-51.35,1.159,41.91,93.3,38.1,65.0,162.6,7.14,29.81,5.82,65.0,60.0,15.14,2,9.1e-05,True,,,,,,1,0,HIGH,
FW-100,SURVEY,SUCCESS,VERIFIED,,5.0,80.0,90.0,100.0,High Wing,Pusher,Conventional,Tricycle,High Wing / Pusher,12.5,12.421,0.51,5.254,0.423,6.022,0.375,0.26,6.657,5.764,1050.8,200.0,0.85,0.9196,3.107,10.5,0.395,0.197,0.307,0.5,0.0,3.0,13.47,Clark Y,1.435,2.33,0.35,0.427,6.66,0.0757,0.584,0.0613,0.35,,T-Motor AT4120,22x12 APC,Generic ESC,1,10.81,42.51,563.6,1400,0.65,Pixhawk 6C,GPS Module,Silvus StreamCaster Lite,4x Digital Servo,LiPo Pack,0.897,24.21,0.952,42.13,17.9,44.5,100.0,149.3,4.83,32.39,7.5,150.0,90.0,10.94,3,0.002237,True,Compliant,Compliant,Compliant,Compliant,Compliant,1,0,NORMAL,
