case_id,mission_category,payload_kg,range_km,endurance_min,cruise_speed_kmh,final_status,failure_category,exact_failure_message,stage_failed,engine_failed,validator_failed,last_successful_stage,configuration_selected,wing_position,propulsion_layout,tail_configuration,landing_gear,mtow_at_failure_kg,wing_area_at_failure_m2,wingspan_at_failure_m,aspect_ratio_at_failure,airfoil_at_failure,required_thrust_n,available_thrust_n,required_power_w,available_power_w,required_range_km,available_communication_range_km,required_stall_margin,actual_stall_margin,static_margin_percent,convergence_delta,forensic_classification,forensic_confidence,root_cause,recommended_action
FW-001,MAPPING,0.71,11.0,39.3,66.7,PERFORMANCE_INFEASIBLE,PERFORMANCE_INFEASIBLE,"Cruise speed (66.7 kmh) is below the minimum safe cruise speed boundary (72.7 kmh, representing a 20.0% safety margin above clean stall).",Performance Check,FlightPerformanceEngine,FlightValidator,Mass Sizing,High-Wing Rear-Pusher Survey Drone,High Wing,Pusher,Conventional,Tricycle,2.801,0.1318,1.176,10.5,Clark Y,6.09,20.45,157.2,380,11.0,50.0,,,68.2,,TRUE_PERFORMANCE_INFEASIBILITY,High,"Aircraft failed steady flight performance validations: Cruise speed (66.7 kmh) is below the minimum safe cruise speed boundary (72.7 kmh, representing a 20.0% safety margin above clean stall)..",Verify aerodynamic aspect ratio polars and lift/drag ratios under high load factors.
FW-002,INSPECTION,0.27,19.3,62.1,76.8,SIZING_INFEASIBLE,SIZING_INFEASIBLE,"Sized fuselage width (0.12 m) exceeds wing root chord (0.11 m), which causes extreme aerodynamic blockage and drag. Select a more slender fuselage profile.",None,None,None,None,Twin-Boom Pusher Long-Endurance Monoplane,High Wing,Twin Boom Pusher,Twin Boom,Skid,,0.1114,1.335,16.0,Clark Y,,,,,19.3,,,,,,SELECTOR_COORDINATION_PROBLEM,High,Wing Aspect Ratio selector and Fuselage Sizer are uncoordinated: high-AR choices result in a wing root chord smaller than the payload-enforced fuselage width.,Implement coordination between fuselage sizer and wing engine to decrement Aspect Ratio when fuselage width exceeds root chord.
FW-003,AGRICULTURE,0.84,37.9,43.8,64.7,PERFORMANCE_INFEASIBLE,PERFORMANCE_INFEASIBLE,"Cruise speed (64.7 kmh) is below the minimum safe cruise speed boundary (69.3 kmh, representing a 30.0% safety margin above clean stall).",Performance Check,FlightPerformanceEngine,FlightValidator,Mass Sizing,High-Wing Rear Pusher (Survey / Glider),High Wing,Pusher,Conventional,Belly Landing,2.649,0.1559,1.081,7.5,NACA 4412,10.29,20.45,192.0,380,37.9,40.0,,,51.2,,TRUE_PERFORMANCE_INFEASIBILITY,High,"Aircraft failed steady flight performance validations: Cruise speed (64.7 kmh) is below the minimum safe cruise speed boundary (69.3 kmh, representing a 30.0% safety margin above clean stall)..",Verify aerodynamic aspect ratio polars and lift/drag ratios under high load factors.
FW-004,INSPECTION,0.68,42.3,71.1,76.1,SIZING_INFEASIBLE,SIZING_INFEASIBLE,"Sized fuselage width (0.13 m) exceeds wing root chord (0.11 m), which causes extreme aerodynamic blockage and drag. Select a more slender fuselage profile.",None,None,None,None,Conventional High-Wing Tractor (Utility),High Wing,Tractor,Conventional,Tricycle,,0.1262,1.421,16.0,Clark Y,,,,,42.3,,,,,,SELECTOR_COORDINATION_PROBLEM,High,Wing Aspect Ratio selector and Fuselage Sizer are uncoordinated: high-AR choices result in a wing root chord smaller than the payload-enforced fuselage width.,Implement coordination between fuselage sizer and wing engine to decrement Aspect Ratio when fuselage width exceeds root chord.
FW-005,SURVEY,0.89,33.1,69.3,61.4,PERFORMANCE_INFEASIBLE,PERFORMANCE_INFEASIBLE,"Cruise speed (61.4 kmh) is below the minimum safe cruise speed boundary (70.6 kmh, representing a 20.0% safety margin above clean stall).",Performance Check,FlightPerformanceEngine,FlightValidator,Mass Sizing,High-Wing Rear-Pusher Survey Drone,High Wing,Pusher,Conventional,Belly Landing,3.32,0.1652,1.317,10.5,Clark Y,10.91,22.67,197.1,380,33.1,50.0,,,58.1,,TRUE_PERFORMANCE_INFEASIBILITY,High,"Aircraft failed steady flight performance validations: Cruise speed (61.4 kmh) is below the minimum safe cruise speed boundary (70.6 kmh, representing a 20.0% safety margin above clean stall)..",Verify aerodynamic aspect ratio polars and lift/drag ratios under high load factors.
FW-006,AGRICULTURE,0.56,43.4,31.4,70.7,PERFORMANCE_INFEASIBLE,PERFORMANCE_INFEASIBLE,"Cruise speed (70.7 kmh) is below the minimum safe cruise speed boundary (75.0 kmh, representing a 30.0% safety margin above clean stall).",Performance Check,FlightPerformanceEngine,FlightValidator,Mass Sizing,Low-Wing Single-Tractor Agricultural Sprayer,Low Wing,Tractor,Conventional,Taildragger,2.213,0.1114,0.914,7.5,NACA 4412,5.15,19.3,137.2,380,43.4,50.0,,,48.6,,TRUE_PERFORMANCE_INFEASIBILITY,High,"Aircraft failed steady flight performance validations: Cruise speed (70.7 kmh) is below the minimum safe cruise speed boundary (75.0 kmh, representing a 30.0% safety margin above clean stall)..",Verify aerodynamic aspect ratio polars and lift/drag ratios under high load factors.
FW-007,SURVEY,0.78,16.5,46.6,89.7,NON_CONVERGED,NON_CONVERGED,Oscillation detected: design state at iteration 7 matches state at iteration 5.; Convergence failed: Oscillation detected: design state at iteration 7 matches state at iteration 5.,None,None,None,None,High-Wing Rear-Pusher Survey Drone,High Wing,Pusher,Conventional,Belly Landing,3.057,0.1448,1.233,10.5,Clark Y,6.69,21.57,172.8,380,16.5,50.0,1.2,1.505,62.5,0.00028,SELECTOR_COORDINATION_PROBLEM,High,Convergence loop oscillated between two different design configurations or sizing parameters.,Implement relaxation factors or damping on iteration updates to stabilize the convergence path.
FW-008,AGRICULTURE,0.45,20.7,34.8,88.3,NON_CONVERGED,NON_CONVERGED,Subsystem execution failed with exception: FuselageOptimizer failed: FuselageOptimizer failed: No feasible design candidates found.; Convergence failed: Subsystem execution failed with exception: FuselageOptimizer failed: FuselageOptimizer failed: No feasible design candidates found.,None,None,None,None,Low-Wing Single-Tractor Agricultural Sprayer,Low Wing,Tractor,Conventional,Taildragger,2.268,0.1114,0.914,7.5,NACA 4412,7.36,19.3,137.2,380,20.7,40.0,1.3,1.52,46.7,,SELECTOR_COORDINATION_PROBLEM,High,Fuselage optimizer failed to converge to a feasible volume and structural layout within convergence limits.,Review fuselage structural thickness and volume constraints or coordinate Aspect Ratio limits.
FW-009,AGRICULTURE,0.57,20.6,37.3,76.8,NON_CONVERGED,NON_CONVERGED,Subsystem execution failed with exception: FuselageOptimizer failed: FuselageOptimizer failed: No feasible design candidates found.; Convergence failed: Subsystem execution failed with exception: FuselageOptimizer failed: FuselageOptimizer failed: No feasible design candidates found.,None,None,None,None,Low-Wing Single-Tractor Agricultural Sprayer,Low Wing,Tractor,Conventional,Taildragger,2.257,0.1114,0.914,7.5,NACA 4412,5.15,19.3,137.2,380,20.6,40.0,1.3,1.322,47.1,,SELECTOR_COORDINATION_PROBLEM,High,Fuselage optimizer failed to converge to a feasible volume and structural layout within convergence limits.,Review fuselage structural thickness and volume constraints or coordinate Aspect Ratio limits.
FW-010,MAPPING,0.38,49.9,55.7,62.7,COMPONENT_DATABASE_LIMITATION,COMPONENT_DATABASE_LIMITATION,"COMPONENT_DATABASE_LIMITATION: Lightest available component of type 'RGB Camera' in database weighs 0.51 kg, which exceeds the maximum allowed structural payload limit of 0.40 kg.",Component Sizing,AvionicsEngine,TelemetrySelector,Propulsion Sizing,High-Wing Rear-Pusher Survey Drone,High Wing,Pusher,Conventional,Belly Landing,,0.1114,1.081,10.5,Clark Y,,,,,49.9,,,,,,COMPONENT_CATALOG_LIMITATION,High,"A required payload, sensor, or power subsystem component is missing from catalog databases: COMPONENT_DATABASE_LIMITATION: Lightest available component of type 'RGB Camera' in database weighs 0.51 kg, which exceeds the maximum allowed structural payload limit of 0.40 kg..",Update component database records with missing classes.
FW-011,MAPPING,0.25,25.3,89.7,75.9,COMPONENT_DATABASE_LIMITATION,COMPONENT_DATABASE_LIMITATION,"COMPONENT_DATABASE_LIMITATION: Lightest available component of type 'RGB Camera' in database weighs 0.51 kg, which exceeds the maximum allowed structural payload limit of 0.26 kg.",Component Sizing,AvionicsEngine,TelemetrySelector,Propulsion Sizing,High-Wing Rear-Pusher Survey Drone,High Wing,Pusher,Conventional,Tricycle,,0.1114,1.081,10.5,Clark Y,,,,,25.3,,,,,,COMPONENT_CATALOG_LIMITATION,High,"A required payload, sensor, or power subsystem component is missing from catalog databases: COMPONENT_DATABASE_LIMITATION: Lightest available component of type 'RGB Camera' in database weighs 0.51 kg, which exceeds the maximum allowed structural payload limit of 0.26 kg..",Update component database records with missing classes.
FW-012,INSPECTION,0.41,35.6,27.8,73.0,SIZING_INFEASIBLE,SIZING_INFEASIBLE,"Sized fuselage width (0.12 m) exceeds wing root chord (0.11 m), which causes extreme aerodynamic blockage and drag. Select a more slender fuselage profile.",None,None,None,None,Conventional High-Wing Tractor (Utility),High Wing,Tractor,Conventional,Tricycle,,0.1114,1.335,16.0,Clark Y,,,,,35.6,,,,,,SELECTOR_COORDINATION_PROBLEM,High,Wing Aspect Ratio selector and Fuselage Sizer are uncoordinated: high-AR choices result in a wing root chord smaller than the payload-enforced fuselage width.,Implement coordination between fuselage sizer and wing engine to decrement Aspect Ratio when fuselage width exceeds root chord.
FW-013,SURVEY,0.61,14.3,63.8,85.3,NON_CONVERGED,NON_CONVERGED,Oscillation detected: design state at iteration 7 matches state at iteration 5.; Convergence failed: Oscillation detected: design state at iteration 7 matches state at iteration 5.,None,None,None,None,High-Wing Rear-Pusher Survey Drone,High Wing,Pusher,Conventional,Belly Landing,2.866,0.1132,1.09,10.5,Clark Y,7.48,19.3,135.1,380,14.3,50.0,1.2,1.298,66.1,0.00028,SELECTOR_COORDINATION_PROBLEM,High,Convergence loop oscillated between two different design configurations or sizing parameters.,Implement relaxation factors or damping on iteration updates to stabilize the convergence path.
FW-014,AGRICULTURE,0.62,10.0,42.7,60.6,PERFORMANCE_INFEASIBLE,PERFORMANCE_INFEASIBLE,"Cruise speed (60.6 kmh) is below the minimum safe cruise speed boundary (75.1 kmh, representing a 30.0% safety margin above clean stall).",Performance Check,FlightPerformanceEngine,FlightValidator,Mass Sizing,High-Wing Rear Pusher (Survey / Glider),High Wing,Pusher,Conventional,Belly Landing,2.278,0.1151,0.929,7.5,NACA 4412,7.6,19.3,141.7,380,10.0,40.0,,,56.3,,TRUE_PERFORMANCE_INFEASIBILITY,High,"Aircraft failed steady flight performance validations: Cruise speed (60.6 kmh) is below the minimum safe cruise speed boundary (75.1 kmh, representing a 30.0% safety margin above clean stall)..",Verify aerodynamic aspect ratio polars and lift/drag ratios under high load factors.
FW-015,SURVEY,0.26,39.3,77.1,89.3,COMPONENT_DATABASE_LIMITATION,COMPONENT_DATABASE_LIMITATION,"COMPONENT_DATABASE_LIMITATION: Lightest available component of type 'RGB Camera' in database weighs 0.51 kg, which exceeds the maximum allowed structural payload limit of 0.27 kg.",Component Sizing,AvionicsEngine,TelemetrySelector,Propulsion Sizing,High-Wing Rear-Pusher Survey Drone,High Wing,Pusher,Conventional,Tricycle,,0.1114,1.081,10.5,Clark Y,,,,,39.3,,,,,,COMPONENT_CATALOG_LIMITATION,High,"A required payload, sensor, or power subsystem component is missing from catalog databases: COMPONENT_DATABASE_LIMITATION: Lightest available component of type 'RGB Camera' in database weighs 0.51 kg, which exceeds the maximum allowed structural payload limit of 0.27 kg..",Update component database records with missing classes.
FW-016,SURVEY,0.62,34.3,87.5,87.9,SUCCESS,SUCCESS,,None,None,None,Verification Sizing,High-Wing Rear-Pusher Survey Drone,High Wing,Pusher,Conventional,Belly Landing,7.216,0.5353,2.314,10.0,Clark Y,24.74,35.55,595.0,950.0,34.3,50.0,1.2,1.3,39.0,0.00097,SUCCESS_SUSPICIOUS,High,Aircraft balances mathematically but features physical anomalies: Mass conservation discrepancy of 0.6780 kg,Modify fuselage bay allocation logic to check volumetric fit and restrict battery CG movement during sizing.
FW-017,AGRICULTURE,0.55,30.7,28.5,66.7,PERFORMANCE_INFEASIBLE,PERFORMANCE_INFEASIBLE,"Cruise speed (66.7 kmh) is below the minimum safe cruise speed boundary (74.6 kmh, representing a 30.0% safety margin above clean stall).",Performance Check,FlightPerformanceEngine,FlightValidator,Mass Sizing,Low-Wing Single-Tractor Agricultural Sprayer,Low Wing,Tractor,Conventional,Taildragger,2.184,0.1114,0.914,7.5,NACA 4412,7.36,19.3,137.2,380,30.7,40.0,,,49.6,,TRUE_PERFORMANCE_INFEASIBILITY,High,"Aircraft failed steady flight performance validations: Cruise speed (66.7 kmh) is below the minimum safe cruise speed boundary (74.6 kmh, representing a 30.0% safety margin above clean stall)..",Verify aerodynamic aspect ratio polars and lift/drag ratios under high load factors.
FW-018,AGRICULTURE,0.77,12.4,24.7,60.9,PERFORMANCE_INFEASIBLE,PERFORMANCE_INFEASIBLE,"Cruise speed (60.9 kmh) is below the minimum safe cruise speed boundary (69.2 kmh, representing a 30.0% safety margin above clean stall).",Performance Check,FlightPerformanceEngine,FlightValidator,Mass Sizing,Low-Wing Single-Tractor Agricultural Sprayer,Low Wing,Tractor,Conventional,Taildragger,2.406,0.1429,1.035,7.5,NACA 4412,9.44,20.45,176.0,380,12.4,40.0,,,44.4,,TRUE_PERFORMANCE_INFEASIBILITY,High,"Aircraft failed steady flight performance validations: Cruise speed (60.9 kmh) is below the minimum safe cruise speed boundary (69.2 kmh, representing a 30.0% safety margin above clean stall)..",Verify aerodynamic aspect ratio polars and lift/drag ratios under high load factors.
FW-019,SURVEY,0.63,38.9,81.8,77.3,PERFORMANCE_INFEASIBLE,PERFORMANCE_INFEASIBLE,"Cruise speed (77.3 kmh) is below the minimum safe cruise speed boundary (79.8 kmh, representing a 20.0% safety margin above clean stall).",Performance Check,FlightPerformanceEngine,FlightValidator,Mass Sizing,High-Wing Rear-Pusher Survey Drone,High Wing,Pusher,Conventional,Belly Landing,3.01,0.1169,1.108,10.5,Clark Y,7.72,19.3,139.5,380,38.9,50.0,,,63.8,,TRUE_PERFORMANCE_INFEASIBILITY,High,"Aircraft failed steady flight performance validations: Cruise speed (77.3 kmh) is below the minimum safe cruise speed boundary (79.8 kmh, representing a 20.0% safety margin above clean stall)..",Verify aerodynamic aspect ratio polars and lift/drag ratios under high load factors.
FW-020,MAPPING,0.48,26.4,80.5,61.6,COMPONENT_DATABASE_LIMITATION,COMPONENT_DATABASE_LIMITATION,"COMPONENT_DATABASE_LIMITATION: Lightest available component of type 'RGB Camera' in database weighs 0.51 kg, which exceeds the maximum allowed structural payload limit of 0.50 kg.",Component Sizing,AvionicsEngine,TelemetrySelector,Propulsion Sizing,High-Wing Rear-Pusher Survey Drone,High Wing,Pusher,Conventional,Belly Landing,,0.1114,1.081,10.5,Clark Y,,,,,26.4,,,,,,COMPONENT_CATALOG_LIMITATION,High,"A required payload, sensor, or power subsystem component is missing from catalog databases: COMPONENT_DATABASE_LIMITATION: Lightest available component of type 'RGB Camera' in database weighs 0.51 kg, which exceeds the maximum allowed structural payload limit of 0.50 kg..",Update component database records with missing classes.
FW-021,RESEARCH,1.38,78.3,63.9,77.3,COMPONENT_DATABASE_LIMITATION,COMPONENT_DATABASE_LIMITATION,"COMPONENT_DATABASE_LIMITATION: Lightest available component of type 'Scientific Instruments' in database weighs 1.80 kg, which exceeds the maximum allowed structural payload limit of 1.45 kg.",Component Sizing,AvionicsEngine,TelemetrySelector,Propulsion Sizing,High-Wing Conventional Research UAV,High Wing,Tractor,Conventional,Tricycle,,0.2562,1.56,9.5,NACA 4412,,,,,78.3,,,,,,COMPONENT_CATALOG_LIMITATION,High,"A required payload, sensor, or power subsystem component is missing from catalog databases: COMPONENT_DATABASE_LIMITATION: Lightest available component of type 'Scientific Instruments' in database weighs 1.80 kg, which exceeds the maximum allowed structural payload limit of 1.45 kg..",Update component database records with missing classes.
FW-022,SURVEY,1.2,88.7,118.0,70.6,COMPONENT_DATABASE_LIMITATION,COMPONENT_DATABASE_LIMITATION,COMPONENT_DATABASE_LIMITATION: Required communication range (88.70 km) exceeds the maximum range available in the telemetry catalog (80.00 km).,Component Sizing,AvionicsEngine,TelemetrySelector,Propulsion Sizing,High-Wing Rear-Pusher Survey Drone,High Wing,Pusher,Conventional,Belly Landing,,0.2228,1.529,10.5,Clark Y,14.71,24.78,265.8,380,88.7,,,,,,COMPONENT_CATALOG_LIMITATION,High,Target range (88.7 km) exceeds maximum available database telemetry range (80 km limit of Silvus StreamCaster).,Expand telemetry catalog to include longer range modems (e.g. Silvus SC4400 or satellite link systems).
FW-023,INSPECTION,1.8,35.3,96.2,109.4,SIZING_INFEASIBLE,SIZING_INFEASIBLE,"Sized fuselage width (0.21 m) exceeds wing root chord (0.18 m), which causes extreme aerodynamic blockage and drag. Select a more slender fuselage profile.",None,None,None,None,Conventional High-Wing Tractor (Utility),High Wing,Tractor,Conventional,Tricycle,,0.3341,2.312,16.0,Clark Y,,,,,35.3,,,,,,SELECTOR_COORDINATION_PROBLEM,High,Wing Aspect Ratio selector and Fuselage Sizer are uncoordinated: high-AR choices result in a wing root chord smaller than the payload-enforced fuselage width.,Implement coordination between fuselage sizer and wing engine to decrement Aspect Ratio when fuselage width exceeds root chord.
FW-024,SECURITY,2.57,89.6,110.7,77.6,SIZING_INFEASIBLE,SIZING_INFEASIBLE,"Sized fuselage width (0.25 m) exceeds wing root chord (0.22 m), which causes extreme aerodynamic blockage and drag. Select a more slender fuselage profile.",None,None,None,None,Twin-Boom Pusher Long-Endurance Monoplane,High Wing,Twin Boom Pusher,Twin Boom,Skid,,0.4771,2.763,16.0,Clark Y,,,,,89.6,,,,,,SELECTOR_COORDINATION_PROBLEM,High,Wing Aspect Ratio selector and Fuselage Sizer are uncoordinated: high-AR choices result in a wing root chord smaller than the payload-enforced fuselage width.,Implement coordination between fuselage sizer and wing engine to decrement Aspect Ratio when fuselage width exceeds root chord.
FW-025,SECURITY,1.11,82.6,112.9,104.1,SIZING_INFEASIBLE,SIZING_INFEASIBLE,"Sized fuselage width (0.16 m) exceeds wing root chord (0.14 m), which causes extreme aerodynamic blockage and drag. Select a more slender fuselage profile.",None,None,None,None,Twin-Boom Pusher Long-Endurance Monoplane,High Wing,Twin Boom Pusher,Twin Boom,Skid,,0.2061,1.816,16.0,Clark Y,,,,,82.6,,,,,,SELECTOR_COORDINATION_PROBLEM,High,Wing Aspect Ratio selector and Fuselage Sizer are uncoordinated: high-AR choices result in a wing root chord smaller than the payload-enforced fuselage width.,Implement coordination between fuselage sizer and wing engine to decrement Aspect Ratio when fuselage width exceeds root chord.
FW-026,SECURITY,1.14,107.6,99.5,107.7,SIZING_INFEASIBLE,SIZING_INFEASIBLE,"Sized fuselage width (0.17 m) exceeds wing root chord (0.15 m), which causes extreme aerodynamic blockage and drag. Select a more slender fuselage profile.",None,None,None,None,Twin-Boom Pusher Long-Endurance Monoplane,High Wing,Twin Boom Pusher,Twin Boom,Skid,,0.2116,1.84,16.0,Clark Y,,,,,107.6,,,,,,SELECTOR_COORDINATION_PROBLEM,High,Wing Aspect Ratio selector and Fuselage Sizer are uncoordinated: high-AR choices result in a wing root chord smaller than the payload-enforced fuselage width.,Implement coordination between fuselage sizer and wing engine to decrement Aspect Ratio when fuselage width exceeds root chord.
FW-027,SECURITY,2.05,114.1,72.6,98.6,SIZING_INFEASIBLE,SIZING_INFEASIBLE,"Sized fuselage width (0.22 m) exceeds wing root chord (0.20 m), which causes extreme aerodynamic blockage and drag. Select a more slender fuselage profile.",None,None,None,None,Conventional High-Wing Tractor (Utility),High Wing,Tractor,Conventional,Tricycle,,0.3805,2.467,16.0,Clark Y,,,,,114.1,,,,,,SELECTOR_COORDINATION_PROBLEM,High,Wing Aspect Ratio selector and Fuselage Sizer are uncoordinated: high-AR choices result in a wing root chord smaller than the payload-enforced fuselage width.,Implement coordination between fuselage sizer and wing engine to decrement Aspect Ratio when fuselage width exceeds root chord.
FW-028,SURVEY,1.63,97.7,54.8,88.3,COMPONENT_DATABASE_LIMITATION,COMPONENT_DATABASE_LIMITATION,COMPONENT_DATABASE_LIMITATION: Required communication range (97.70 km) exceeds the maximum range available in the telemetry catalog (80.00 km).,Component Sizing,AvionicsEngine,TelemetrySelector,Propulsion Sizing,High-Wing Rear-Pusher Survey Drone,High Wing,Pusher,Conventional,Belly Landing,,0.3026,1.782,10.5,Clark Y,19.98,26.8,361.0,380,97.7,,,,,,COMPONENT_CATALOG_LIMITATION,High,Target range (97.7 km) exceeds maximum available database telemetry range (80 km limit of Silvus StreamCaster).,Expand telemetry catalog to include longer range modems (e.g. Silvus SC4400 or satellite link systems).
FW-029,RESEARCH,1.7,36.2,78.0,81.4,COMPONENT_DATABASE_LIMITATION,COMPONENT_DATABASE_LIMITATION,"COMPONENT_DATABASE_LIMITATION: Lightest available component of type 'Scientific Instruments' in database weighs 1.80 kg, which exceeds the maximum allowed structural payload limit of 1.78 kg.",Component Sizing,AvionicsEngine,TelemetrySelector,Propulsion Sizing,High-Wing Conventional Research UAV,High Wing,Tractor,Conventional,Tricycle,,0.3156,1.732,9.5,NACA 4412,,,,,36.2,,,,,,COMPONENT_CATALOG_LIMITATION,High,"A required payload, sensor, or power subsystem component is missing from catalog databases: COMPONENT_DATABASE_LIMITATION: Lightest available component of type 'Scientific Instruments' in database weighs 1.80 kg, which exceeds the maximum allowed structural payload limit of 1.78 kg..",Update component database records with missing classes.
FW-030,INSPECTION,2.11,113.9,59.0,105.1,SIZING_INFEASIBLE,SIZING_INFEASIBLE,"Sized fuselage width (0.23 m) exceeds wing root chord (0.20 m), which causes extreme aerodynamic blockage and drag. Select a more slender fuselage profile.",None,None,None,None,Twin-Boom Pusher Long-Endurance Monoplane,High Wing,Twin Boom Pusher,Twin Boom,Skid,,0.3917,2.503,16.0,Clark Y,,,,,113.9,,,,,,SELECTOR_COORDINATION_PROBLEM,High,Wing Aspect Ratio selector and Fuselage Sizer are uncoordinated: high-AR choices result in a wing root chord smaller than the payload-enforced fuselage width.,Implement coordination between fuselage sizer and wing engine to decrement Aspect Ratio when fuselage width exceeds root chord.
FW-031,INSPECTION,2.21,94.6,72.5,95.4,SIZING_INFEASIBLE,SIZING_INFEASIBLE,"Sized fuselage width (0.23 m) exceeds wing root chord (0.20 m), which causes extreme aerodynamic blockage and drag. Select a more slender fuselage profile.",None,None,None,None,Conventional High-Wing Tractor (Utility),High Wing,Tractor,Conventional,Tricycle,,0.4102,2.562,16.0,Clark Y,,,,,94.6,,,,,,SELECTOR_COORDINATION_PROBLEM,High,Wing Aspect Ratio selector and Fuselage Sizer are uncoordinated: high-AR choices result in a wing root chord smaller than the payload-enforced fuselage width.,Implement coordination between fuselage sizer and wing engine to decrement Aspect Ratio when fuselage width exceeds root chord.
FW-032,INSPECTION,1.55,30.3,149.1,95.5,SIZING_INFEASIBLE,SIZING_INFEASIBLE,"Sized fuselage width (0.19 m) exceeds wing root chord (0.17 m), which causes extreme aerodynamic blockage and drag. Select a more slender fuselage profile.",None,None,None,None,Twin-Boom Pusher Long-Endurance Monoplane,High Wing,Twin Boom Pusher,Twin Boom,Skid,,0.2877,2.146,16.0,Clark Y,,,,,30.3,,,,,,SELECTOR_COORDINATION_PROBLEM,High,Wing Aspect Ratio selector and Fuselage Sizer are uncoordinated: high-AR choices result in a wing root chord smaller than the payload-enforced fuselage width.,Implement coordination between fuselage sizer and wing engine to decrement Aspect Ratio when fuselage width exceeds root chord.
FW-033,SURVEY,1.02,36.8,164.2,106.2,SUCCESS,SUCCESS,,None,None,None,Verification Sizing,High-Wing Rear-Pusher Survey Drone,High Wing,Pusher,Conventional,Belly Landing,7.214,0.5348,2.313,10.0,Clark Y,24.72,35.55,607.3,950.0,36.8,50.0,1.2,1.597,39.0,0.00153,SUCCESS_SUSPICIOUS,High,Aircraft balances mathematically but features physical anomalies: Mass conservation discrepancy of 0.6780 kg,Modify fuselage bay allocation logic to check volumetric fit and restrict battery CG movement during sizing.
FW-034,INSPECTION,1.62,110.9,152.5,104.4,SIZING_INFEASIBLE,SIZING_INFEASIBLE,"Sized fuselage width (0.20 m) exceeds wing root chord (0.17 m), which causes extreme aerodynamic blockage and drag. Select a more slender fuselage profile.",None,None,None,None,Twin-Boom Pusher Long-Endurance Monoplane,High Wing,Twin Boom Pusher,Twin Boom,Skid,,0.3007,2.193,16.0,Clark Y,,,,,110.9,,,,,,SELECTOR_COORDINATION_PROBLEM,High,Wing Aspect Ratio selector and Fuselage Sizer are uncoordinated: high-AR choices result in a wing root chord smaller than the payload-enforced fuselage width.,Implement coordination between fuselage sizer and wing engine to decrement Aspect Ratio when fuselage width exceeds root chord.
FW-035,SECURITY,2.12,108.7,176.5,100.0,SIZING_INFEASIBLE,SIZING_INFEASIBLE,"Sized fuselage width (0.23 m) exceeds wing root chord (0.20 m), which causes extreme aerodynamic blockage and drag. Select a more slender fuselage profile.",None,None,None,None,Twin-Boom Pusher Long-Endurance Monoplane,High Wing,Twin Boom Pusher,Twin Boom,Skid,,0.3935,2.509,16.0,Clark Y,,,,,108.7,,,,,,SELECTOR_COORDINATION_PROBLEM,High,Wing Aspect Ratio selector and Fuselage Sizer are uncoordinated: high-AR choices result in a wing root chord smaller than the payload-enforced fuselage width.,Implement coordination between fuselage sizer and wing engine to decrement Aspect Ratio when fuselage width exceeds root chord.
FW-036,SECURITY,1.66,113.8,153.3,104.6,SIZING_INFEASIBLE,SIZING_INFEASIBLE,"Sized fuselage width (0.20 m) exceeds wing root chord (0.18 m), which causes extreme aerodynamic blockage and drag. Select a more slender fuselage profile.",None,None,None,None,Twin-Boom Pusher Long-Endurance Monoplane,High Wing,Twin Boom Pusher,Twin Boom,Skid,,0.3082,2.22,16.0,Clark Y,,,,,113.8,,,,,,SELECTOR_COORDINATION_PROBLEM,High,Wing Aspect Ratio selector and Fuselage Sizer are uncoordinated: high-AR choices result in a wing root chord smaller than the payload-enforced fuselage width.,Implement coordination between fuselage sizer and wing engine to decrement Aspect Ratio when fuselage width exceeds root chord.
FW-037,INSPECTION,2.72,50.0,155.2,88.4,SIZING_INFEASIBLE,SIZING_INFEASIBLE,"Sized fuselage width (0.26 m) exceeds wing root chord (0.23 m), which causes extreme aerodynamic blockage and drag. Select a more slender fuselage profile.",None,None,None,None,Twin-Boom Pusher Long-Endurance Monoplane,High Wing,Twin Boom Pusher,Twin Boom,Skid,,0.5049,2.842,16.0,Clark Y,,,,,50.0,,,,,,SELECTOR_COORDINATION_PROBLEM,High,Wing Aspect Ratio selector and Fuselage Sizer are uncoordinated: high-AR choices result in a wing root chord smaller than the payload-enforced fuselage width.,Implement coordination between fuselage sizer and wing engine to decrement Aspect Ratio when fuselage width exceeds root chord.
FW-038,RESEARCH,1.56,36.2,149.4,84.0,COMPONENT_DATABASE_LIMITATION,COMPONENT_DATABASE_LIMITATION,"COMPONENT_DATABASE_LIMITATION: Lightest available component of type 'Scientific Instruments' in database weighs 1.80 kg, which exceeds the maximum allowed structural payload limit of 1.64 kg.",Component Sizing,AvionicsEngine,TelemetrySelector,Propulsion Sizing,High-Wing Conventional Research UAV,High Wing,Tractor,Conventional,Tricycle,,0.2896,1.659,9.5,NACA 4412,,,,,36.2,,,,,,COMPONENT_CATALOG_LIMITATION,High,"A required payload, sensor, or power subsystem component is missing from catalog databases: COMPONENT_DATABASE_LIMITATION: Lightest available component of type 'Scientific Instruments' in database weighs 1.80 kg, which exceeds the maximum allowed structural payload limit of 1.64 kg..",Update component database records with missing classes.
FW-039,INSPECTION,2.16,118.5,50.2,93.9,INVALID_REQUIREMENTS,INVALID_REQUIREMENTS,Mission range (118.5 km) is physically inconsistent with cruise speed (93.9 km/h) and flight time (50.2 min). Max theoretical range is 78.6 km.,Input Validation,Pipeline Orchestrator,None,None,,,,,,,,,,,,,,,118.5,,,,,,TRUE_MISSION_INFEASIBILITY,High,Contradictory inputs: requested mission range exceeds the maximum theoretical range achievable at requested cruise speed and endurance.,"Reject mission at user interface stage or require consistent range, speed, and endurance input values."
FW-040,SECURITY,2.8,47.1,51.0,87.4,SIZING_INFEASIBLE,SIZING_INFEASIBLE,"Sized fuselage width (0.26 m) exceeds wing root chord (0.23 m), which causes extreme aerodynamic blockage and drag. Select a more slender fuselage profile.",None,None,None,None,Conventional High-Wing Tractor (Utility),High Wing,Tractor,Conventional,Tricycle,,0.5198,2.884,16.0,Clark Y,,,,,47.1,,,,,,SELECTOR_COORDINATION_PROBLEM,High,Wing Aspect Ratio selector and Fuselage Sizer are uncoordinated: high-AR choices result in a wing root chord smaller than the payload-enforced fuselage width.,Implement coordination between fuselage sizer and wing engine to decrement Aspect Ratio when fuselage width exceeds root chord.
FW-041,INSPECTION,2.25,89.7,61.8,106.0,SIZING_INFEASIBLE,SIZING_INFEASIBLE,"Sized fuselage width (0.23 m) exceeds wing root chord (0.21 m), which causes extreme aerodynamic blockage and drag. Select a more slender fuselage profile.",None,None,None,None,Conventional High-Wing Tractor (Utility),High Wing,Tractor,Conventional,Tricycle,,0.4177,2.585,16.0,Clark Y,,,,,89.7,,,,,,SELECTOR_COORDINATION_PROBLEM,High,Wing Aspect Ratio selector and Fuselage Sizer are uncoordinated: high-AR choices result in a wing root chord smaller than the payload-enforced fuselage width.,Implement coordination between fuselage sizer and wing engine to decrement Aspect Ratio when fuselage width exceeds root chord.
FW-042,SECURITY,1.38,89.8,96.2,99.9,SIZING_INFEASIBLE,SIZING_INFEASIBLE,"Sized fuselage width (0.18 m) exceeds wing root chord (0.16 m), which causes extreme aerodynamic blockage and drag. Select a more slender fuselage profile.",None,None,None,None,Conventional High-Wing Tractor (Utility),High Wing,Tractor,Conventional,Tricycle,,0.2562,2.025,16.0,Clark Y,,,,,89.8,,,,,,SELECTOR_COORDINATION_PROBLEM,High,Wing Aspect Ratio selector and Fuselage Sizer are uncoordinated: high-AR choices result in a wing root chord smaller than the payload-enforced fuselage width.,Implement coordination between fuselage sizer and wing engine to decrement Aspect Ratio when fuselage width exceeds root chord.
FW-043,RESEARCH,1.42,100.7,126.9,82.9,COMPONENT_DATABASE_LIMITATION,COMPONENT_DATABASE_LIMITATION,"COMPONENT_DATABASE_LIMITATION: Lightest available component of type 'Scientific Instruments' in database weighs 1.80 kg, which exceeds the maximum allowed structural payload limit of 1.49 kg.",Component Sizing,AvionicsEngine,TelemetrySelector,Propulsion Sizing,High-Wing Conventional Research UAV,High Wing,Tractor,Conventional,Tricycle,,0.2636,1.583,9.5,NACA 4412,,,,,100.7,,,,,,COMPONENT_CATALOG_LIMITATION,High,"A required payload, sensor, or power subsystem component is missing from catalog databases: COMPONENT_DATABASE_LIMITATION: Lightest available component of type 'Scientific Instruments' in database weighs 1.80 kg, which exceeds the maximum allowed structural payload limit of 1.49 kg..",Update component database records with missing classes.
FW-044,INSPECTION,2.92,96.2,133.9,81.4,SIZING_INFEASIBLE,SIZING_INFEASIBLE,"Sized fuselage width (0.27 m) exceeds wing root chord (0.23 m), which causes extreme aerodynamic blockage and drag. Select a more slender fuselage profile.",None,None,None,None,Twin-Boom Pusher Long-Endurance Monoplane,High Wing,Twin Boom Pusher,Twin Boom,Skid,,0.542,2.945,16.0,Clark Y,,,,,96.2,,,,,,SELECTOR_COORDINATION_PROBLEM,High,Wing Aspect Ratio selector and Fuselage Sizer are uncoordinated: high-AR choices result in a wing root chord smaller than the payload-enforced fuselage width.,Implement coordination between fuselage sizer and wing engine to decrement Aspect Ratio when fuselage width exceeds root chord.
FW-045,SURVEY,1.29,34.2,177.8,94.5,SUCCESS,SUCCESS,,None,None,None,Verification Sizing,High-Wing Rear-Pusher Survey Drone,High Wing,Pusher,Conventional,Tricycle,8.984,0.6657,2.58,10.0,Clark Y,30.77,35.55,747.5,950.0,34.2,50.0,1.2,1.491,39.5,0.00212,SUCCESS_SUSPICIOUS,High,Aircraft balances mathematically but features physical anomalies: Mass conservation discrepancy of 0.8530 kg,Modify fuselage bay allocation logic to check volumetric fit and restrict battery CG movement during sizing.
FW-046,SECURITY,4.54,109.9,86.6,114.4,SIZING_INFEASIBLE,SIZING_INFEASIBLE,"Sized fuselage width (0.33 m) exceeds wing root chord (0.29 m), which causes extreme aerodynamic blockage and drag. Select a more slender fuselage profile.",None,None,None,None,Twin-Boom Pusher Long-Endurance Monoplane,High Wing,Twin Boom Pusher,Twin Boom,Skid,,0.8428,3.672,16.0,Clark Y,,,,,109.9,,,,,,SELECTOR_COORDINATION_PROBLEM,High,Wing Aspect Ratio selector and Fuselage Sizer are uncoordinated: high-AR choices result in a wing root chord smaller than the payload-enforced fuselage width.,Implement coordination between fuselage sizer and wing engine to decrement Aspect Ratio when fuselage width exceeds root chord.
FW-047,MILITARY,5.07,57.5,104.9,122.4,SIZING_INFEASIBLE,SIZING_INFEASIBLE,"Sized fuselage width (0.35 m) exceeds wing root chord (0.31 m), which causes extreme aerodynamic blockage and drag. Select a more slender fuselage profile.",None,None,None,None,Conventional High-Wing Tractor (Utility),High Wing,Tractor,Conventional,Tricycle,,0.9412,3.881,16.0,Clark Y,,,,,57.5,,,,,,SELECTOR_COORDINATION_PROBLEM,High,Wing Aspect Ratio selector and Fuselage Sizer are uncoordinated: high-AR choices result in a wing root chord smaller than the payload-enforced fuselage width.,Implement coordination between fuselage sizer and wing engine to decrement Aspect Ratio when fuselage width exceeds root chord.
FW-048,MILITARY,5.38,192.5,220.5,110.6,SIZING_INFEASIBLE,SIZING_INFEASIBLE,"Sized fuselage width (0.36 m) exceeds wing root chord (0.32 m), which causes extreme aerodynamic blockage and drag. Select a more slender fuselage profile.",None,None,None,None,Twin-Boom Pusher Long-Endurance Monoplane,High Wing,Twin Boom Pusher,Twin Boom,Skid,,0.9987,3.997,16.0,Clark Y,,,,,192.5,,,,,,SELECTOR_COORDINATION_PROBLEM,High,Wing Aspect Ratio selector and Fuselage Sizer are uncoordinated: high-AR choices result in a wing root chord smaller than the payload-enforced fuselage width.,Implement coordination between fuselage sizer and wing engine to decrement Aspect Ratio when fuselage width exceeds root chord.
FW-049,MILITARY,4.04,87.1,174.8,118.3,SIZING_INFEASIBLE,SIZING_INFEASIBLE,"Sized fuselage width (0.31 m) exceeds wing root chord (0.28 m), which causes extreme aerodynamic blockage and drag. Select a more slender fuselage profile.",None,None,None,None,Conventional High-Wing Tractor (Utility),High Wing,Tractor,Conventional,Tricycle,,0.75,3.464,16.0,Clark Y,,,,,87.1,,,,,,SELECTOR_COORDINATION_PROBLEM,High,Wing Aspect Ratio selector and Fuselage Sizer are uncoordinated: high-AR choices result in a wing root chord smaller than the payload-enforced fuselage width.,Implement coordination between fuselage sizer and wing engine to decrement Aspect Ratio when fuselage width exceeds root chord.
FW-050,RESEARCH,3.94,100.4,220.7,84.0,COMPONENT_DATABASE_LIMITATION,COMPONENT_DATABASE_LIMITATION,COMPONENT_DATABASE_LIMITATION: Required communication range (100.40 km) exceeds the maximum range available in the telemetry catalog (80.00 km).,Component Sizing,AvionicsEngine,TelemetrySelector,Propulsion Sizing,High-Wing Conventional Research UAV,High Wing,Tractor,Conventional,Tricycle,,0.7314,2.636,9.5,NACA 4412,33.81,56.43,881.3,950,100.4,,,,,,COMPONENT_CATALOG_LIMITATION,High,Target range (100.4 km) exceeds maximum available database telemetry range (80 km limit of Silvus StreamCaster).,Expand telemetry catalog to include longer range modems (e.g. Silvus SC4400 or satellite link systems).
FW-051,RESEARCH,3.26,111.1,157.7,100.8,COMPONENT_DATABASE_LIMITATION,COMPONENT_DATABASE_LIMITATION,COMPONENT_DATABASE_LIMITATION: Required communication range (111.10 km) exceeds the maximum range available in the telemetry catalog (80.00 km).,Component Sizing,AvionicsEngine,TelemetrySelector,Propulsion Sizing,High-Wing Conventional Research UAV,High Wing,Tractor,Conventional,Tricycle,,0.6052,2.398,9.5,NACA 4412,27.98,56.43,729.2,950,111.1,,,,,,COMPONENT_CATALOG_LIMITATION,High,Target range (111.1 km) exceeds maximum available database telemetry range (80 km limit of Silvus StreamCaster).,Expand telemetry catalog to include longer range modems (e.g. Silvus SC4400 or satellite link systems).
FW-052,SECURITY,5.78,178.5,197.8,99.0,SIZING_INFEASIBLE,SIZING_INFEASIBLE,"Sized fuselage width (0.37 m) exceeds wing root chord (0.33 m), which causes extreme aerodynamic blockage and drag. Select a more slender fuselage profile.",None,None,None,None,Twin-Boom Pusher Long-Endurance Monoplane,High Wing,Twin Boom Pusher,Twin Boom,Skid,,1.073,4.143,16.0,Clark Y,,,,,178.5,,,,,,SELECTOR_COORDINATION_PROBLEM,High,Wing Aspect Ratio selector and Fuselage Sizer are uncoordinated: high-AR choices result in a wing root chord smaller than the payload-enforced fuselage width.,Implement coordination between fuselage sizer and wing engine to decrement Aspect Ratio when fuselage width exceeds root chord.
FW-053,RESEARCH,6.81,112.9,194.6,107.3,COMPONENT_DATABASE_LIMITATION,COMPONENT_DATABASE_LIMITATION,COMPONENT_DATABASE_LIMITATION: Required communication range (112.90 km) exceeds the maximum range available in the telemetry catalog (80.00 km).,Component Sizing,AvionicsEngine,TelemetrySelector,Propulsion Sizing,High-Wing Conventional Research UAV,High Wing,Tractor,Conventional,Tricycle,,1.2642,3.466,9.5,NACA 4412,58.44,132.04,1523.3,3400,112.9,,,,,,COMPONENT_CATALOG_LIMITATION,High,Target range (112.9 km) exceeds maximum available database telemetry range (80 km limit of Silvus StreamCaster).,Expand telemetry catalog to include longer range modems (e.g. Silvus SC4400 or satellite link systems).
FW-054,MILITARY,4.56,150.3,203.7,116.2,SIZING_INFEASIBLE,SIZING_INFEASIBLE,"Sized fuselage width (0.33 m) exceeds wing root chord (0.29 m), which causes extreme aerodynamic blockage and drag. Select a more slender fuselage profile.",None,None,None,None,Conventional High-Wing Tractor (Utility),High Wing,Tractor,Conventional,Tricycle,,0.8465,3.68,16.0,Clark Y,,,,,150.3,,,,,,SELECTOR_COORDINATION_PROBLEM,High,Wing Aspect Ratio selector and Fuselage Sizer are uncoordinated: high-AR choices result in a wing root chord smaller than the payload-enforced fuselage width.,Implement coordination between fuselage sizer and wing engine to decrement Aspect Ratio when fuselage width exceeds root chord.
FW-055,MILITARY,5.37,149.4,75.1,101.4,SIZING_INFEASIBLE,SIZING_INFEASIBLE,"Sized fuselage width (0.36 m) exceeds wing root chord (0.32 m), which causes extreme aerodynamic blockage and drag. Select a more slender fuselage profile.",None,None,None,None,Conventional High-Wing Tractor (Utility),High Wing,Tractor,Conventional,Tricycle,,0.9968,3.994,16.0,Clark Y,,,,,149.4,,,,,,SELECTOR_COORDINATION_PROBLEM,High,Wing Aspect Ratio selector and Fuselage Sizer are uncoordinated: high-AR choices result in a wing root chord smaller than the payload-enforced fuselage width.,Implement coordination between fuselage sizer and wing engine to decrement Aspect Ratio when fuselage width exceeds root chord.
FW-056,MILITARY,4.82,100.6,218.3,93.9,SIZING_INFEASIBLE,SIZING_INFEASIBLE,"Sized fuselage width (0.34 m) exceeds wing root chord (0.30 m), which causes extreme aerodynamic blockage and drag. Select a more slender fuselage profile.",None,None,None,None,Twin-Boom Pusher Long-Endurance Monoplane,High Wing,Twin Boom Pusher,Twin Boom,Skid,,0.8948,3.784,16.0,Clark Y,,,,,100.6,,,,,,SELECTOR_COORDINATION_PROBLEM,High,Wing Aspect Ratio selector and Fuselage Sizer are uncoordinated: high-AR choices result in a wing root chord smaller than the payload-enforced fuselage width.,Implement coordination between fuselage sizer and wing engine to decrement Aspect Ratio when fuselage width exceeds root chord.
FW-057,SECURITY,3.21,192.8,100.4,83.4,SIZING_INFEASIBLE,SIZING_INFEASIBLE,"Sized fuselage width (0.28 m) exceeds wing root chord (0.25 m), which causes extreme aerodynamic blockage and drag. Select a more slender fuselage profile.",None,None,None,None,Conventional High-Wing Tractor (Utility),High Wing,Tractor,Conventional,Tricycle,,0.5959,3.088,16.0,Clark Y,,,,,192.8,,,,,,SELECTOR_COORDINATION_PROBLEM,High,Wing Aspect Ratio selector and Fuselage Sizer are uncoordinated: high-AR choices result in a wing root chord smaller than the payload-enforced fuselage width.,Implement coordination between fuselage sizer and wing engine to decrement Aspect Ratio when fuselage width exceeds root chord.
FW-058,RESEARCH,3.61,68.9,180.5,108.2,NON_CONVERGED,NON_CONVERGED,Subsystem execution failed with exception: PropulsionOptimizer failed: PropulsionOptimizer failed: No feasible design candidates found.; Convergence failed: Subsystem execution failed with exception: PropulsionOptimizer failed: PropulsionOptimizer failed: No feasible design candidates found.,None,None,None,None,High-Wing Conventional Research UAV,High Wing,Tractor,Conventional,Tricycle,14.954,0.6701,2.523,9.5,NACA 4412,30.98,56.43,807.4,950,68.9,80.0,1.3,1.918,18.0,,TRUE_PROPULSION_INFEASIBILITY,High,Propulsion optimizer failed to select a motor-propeller pair satisfying thrust and electrical constraints.,Expand propulsion catalog or relax minimum thrust-to-weight constraints.
FW-059,RESEARCH,5.42,194.6,189.3,118.9,COMPONENT_DATABASE_LIMITATION,COMPONENT_DATABASE_LIMITATION,COMPONENT_DATABASE_LIMITATION: Required communication range (194.60 km) exceeds the maximum range available in the telemetry catalog (80.00 km).,Component Sizing,AvionicsEngine,TelemetrySelector,Propulsion Sizing,High-Wing Conventional Research UAV,High Wing,Tractor,Conventional,Tricycle,,1.0061,3.092,9.5,NACA 4412,46.51,73.08,1212.3,1400,194.6,,,,,,COMPONENT_CATALOG_LIMITATION,High,Target range (194.6 km) exceeds maximum available database telemetry range (80 km limit of Silvus StreamCaster).,Expand telemetry catalog to include longer range modems (e.g. Silvus SC4400 or satellite link systems).
FW-060,RESEARCH,5.3,186.2,127.6,127.1,COMPONENT_DATABASE_LIMITATION,COMPONENT_DATABASE_LIMITATION,COMPONENT_DATABASE_LIMITATION: Required communication range (186.20 km) exceeds the maximum range available in the telemetry catalog (80.00 km).,Component Sizing,AvionicsEngine,TelemetrySelector,Propulsion Sizing,High-Wing Conventional Research UAV,High Wing,Tractor,Conventional,Tricycle,,0.9839,3.057,9.5,NACA 4412,45.48,73.08,1185.5,1400,186.2,,,,,,COMPONENT_CATALOG_LIMITATION,High,Target range (186.2 km) exceeds maximum available database telemetry range (80 km limit of Silvus StreamCaster).,Expand telemetry catalog to include longer range modems (e.g. Silvus SC4400 or satellite link systems).
FW-061,SECURITY,3.41,165.9,213.1,110.0,SIZING_INFEASIBLE,SIZING_INFEASIBLE,"Sized fuselage width (0.29 m) exceeds wing root chord (0.25 m), which causes extreme aerodynamic blockage and drag. Select a more slender fuselage profile.",None,None,None,None,Conventional High-Wing Tractor (Utility),High Wing,Tractor,Conventional,Tricycle,,0.633,3.183,16.0,Clark Y,,,,,165.9,,,,,,SELECTOR_COORDINATION_PROBLEM,High,Wing Aspect Ratio selector and Fuselage Sizer are uncoordinated: high-AR choices result in a wing root chord smaller than the payload-enforced fuselage width.,Implement coordination between fuselage sizer and wing engine to decrement Aspect Ratio when fuselage width exceeds root chord.
FW-062,MILITARY,3.28,147.1,62.3,101.0,SIZING_INFEASIBLE,SIZING_INFEASIBLE,"Sized fuselage width (0.28 m) exceeds wing root chord (0.25 m), which causes extreme aerodynamic blockage and drag. Select a more slender fuselage profile.",None,None,None,None,Conventional High-Wing Tractor (Utility),High Wing,Tractor,Conventional,Tricycle,,0.6089,3.121,16.0,Clark Y,,,,,147.1,,,,,,SELECTOR_COORDINATION_PROBLEM,High,Wing Aspect Ratio selector and Fuselage Sizer are uncoordinated: high-AR choices result in a wing root chord smaller than the payload-enforced fuselage width.,Implement coordination between fuselage sizer and wing engine to decrement Aspect Ratio when fuselage width exceeds root chord.
FW-063,DISASTER_RESPONSE,6.31,156.1,138.4,116.7,COMPONENT_DATABASE_LIMITATION,COMPONENT_DATABASE_LIMITATION,COMPONENT_DATABASE_LIMITATION: Required communication range (156.10 km) exceeds the maximum range available in the telemetry catalog (80.00 km).,Component Sizing,AvionicsEngine,TelemetrySelector,Propulsion Sizing,High-Wing Rear-Pusher Survey Drone,High Wing,Pusher,Conventional,Belly Landing,,1.1713,3.507,10.5,Clark Y,54.14,73.08,1397.4,1400,156.1,,,,,,COMPONENT_CATALOG_LIMITATION,High,Target range (156.1 km) exceeds maximum available database telemetry range (80 km limit of Silvus StreamCaster).,Expand telemetry catalog to include longer range modems (e.g. Silvus SC4400 or satellite link systems).
FW-064,MILITARY,4.07,177.8,209.5,84.3,SIZING_INFEASIBLE,SIZING_INFEASIBLE,"Sized fuselage width (0.31 m) exceeds wing root chord (0.28 m), which causes extreme aerodynamic blockage and drag. Select a more slender fuselage profile.",None,None,None,None,Conventional High-Wing Tractor (Utility),High Wing,Tractor,Conventional,Tricycle,,0.7555,3.477,16.0,Clark Y,,,,,177.8,,,,,,SELECTOR_COORDINATION_PROBLEM,High,Wing Aspect Ratio selector and Fuselage Sizer are uncoordinated: high-AR choices result in a wing root chord smaller than the payload-enforced fuselage width.,Implement coordination between fuselage sizer and wing engine to decrement Aspect Ratio when fuselage width exceeds root chord.
FW-065,DISASTER_RESPONSE,4.35,124.1,118.5,104.4,COMPONENT_DATABASE_LIMITATION,COMPONENT_DATABASE_LIMITATION,COMPONENT_DATABASE_LIMITATION: Required communication range (124.10 km) exceeds the maximum range available in the telemetry catalog (80.00 km).,Component Sizing,AvionicsEngine,TelemetrySelector,Propulsion Sizing,High-Wing Rear-Pusher Survey Drone,High Wing,Pusher,Conventional,Belly Landing,,0.8075,2.912,10.5,Clark Y,37.33,58.39,963.4,1000,124.1,,,,,,COMPONENT_CATALOG_LIMITATION,High,Target range (124.1 km) exceeds maximum available database telemetry range (80 km limit of Silvus StreamCaster).,Expand telemetry catalog to include longer range modems (e.g. Silvus SC4400 or satellite link systems).
FW-066,DELIVERY,13.8,96.7,114.7,79.6,COMPONENT_DATABASE_LIMITATION,COMPONENT_DATABASE_LIMITATION,COMPONENT_DATABASE_LIMITATION: Required communication range (96.70 km) exceeds the maximum range available in the telemetry catalog (80.00 km).,Component Sizing,AvionicsEngine,TelemetrySelector,Propulsion Sizing,Twin-Engine High-Wing Cargo Transport,High Wing,Twin Tractor,Conventional,Tricycle,,2.5617,4.583,8.2,Selig S1223,118.41,149.62,3129.6,4101.4,96.7,,,,,,COMPONENT_CATALOG_LIMITATION,High,Target range (96.7 km) exceeds maximum available database telemetry range (80 km limit of Silvus StreamCaster).,Expand telemetry catalog to include longer range modems (e.g. Silvus SC4400 or satellite link systems).
FW-067,DELIVERY,12.58,112.9,132.2,94.5,COMPONENT_DATABASE_LIMITATION,COMPONENT_DATABASE_LIMITATION,COMPONENT_DATABASE_LIMITATION: Required communication range (112.90 km) exceeds the maximum range available in the telemetry catalog (80.00 km).,Component Sizing,AvionicsEngine,TelemetrySelector,Propulsion Sizing,Twin-Engine High-Wing Cargo Transport,High Wing,Twin Tractor,Conventional,Tricycle,,2.3353,4.376,8.2,Selig S1223,107.95,149.62,2853.0,4101.4,112.9,,,,,,COMPONENT_CATALOG_LIMITATION,High,Target range (112.9 km) exceeds maximum available database telemetry range (80 km limit of Silvus StreamCaster).,Expand telemetry catalog to include longer range modems (e.g. Silvus SC4400 or satellite link systems).
FW-068,DELIVERY,11.92,66.7,123.5,93.7,MTOW_LIMIT_EXCEEDED,MTOW_LIMIT_EXCEEDED,Calculated takeoff weight (40.16 kg) exceeds maximum takeoff weight limit constraint (25.00 kg).,Mass Sizing,MassPropertiesEngine,MassValidator,Payload Sizing,Twin-Engine High-Wing Cargo Transport,High Wing,Twin Tractor,Conventional,Tricycle,,2.2127,4.26,8.2,Selig S1223,102.28,140.41,2703.2,4101.4,66.7,80.0,,,,,TRUE_MTOW_LIMIT,High,Calculated takeoff weight (40.16 kg) exceeds project-wide 25.0 kg maximum takeoff weight limit (EXTREME_EXCEEDANCE).,"Reduce payload mass, range, or flight time constraints to shrink sized weight back below 25 kg."
FW-069,DELIVERY,10.5,72.2,106.3,85.3,MTOW_LIMIT_EXCEEDED,MTOW_LIMIT_EXCEEDED,Calculated takeoff weight (32.64 kg) exceeds maximum takeoff weight limit constraint (25.00 kg).,Mass Sizing,MassPropertiesEngine,MassValidator,Payload Sizing,Twin-Engine High-Wing Cargo Transport,High Wing,Twin Tractor,Conventional,Tricycle,,1.9491,3.998,8.2,Selig S1223,90.1,123.01,2381.2,3057.4,72.2,80.0,,,,,TRUE_MTOW_LIMIT,High,Calculated takeoff weight (32.64 kg) exceeds project-wide 25.0 kg maximum takeoff weight limit (MODERATE_EXCEEDANCE).,"Reduce payload mass, range, or flight time constraints to shrink sized weight back below 25 kg."
FW-070,DELIVERY,6.2,94.3,147.9,79.3,COMPONENT_DATABASE_LIMITATION,COMPONENT_DATABASE_LIMITATION,COMPONENT_DATABASE_LIMITATION: Required communication range (94.30 km) exceeds the maximum range available in the telemetry catalog (80.00 km).,Component Sizing,AvionicsEngine,TelemetrySelector,Propulsion Sizing,Twin-Engine High-Wing Cargo Transport,High Wing,Twin Tractor,Conventional,Tricycle,,1.1509,3.072,8.2,Selig S1223,53.2,75.3,1406.0,1789.7,94.3,,,,,,COMPONENT_CATALOG_LIMITATION,High,Target range (94.3 km) exceeds maximum available database telemetry range (80 km limit of Silvus StreamCaster).,Expand telemetry catalog to include longer range modems (e.g. Silvus SC4400 or satellite link systems).
FW-071,DELIVERY,10.9,121.2,125.6,119.0,COMPONENT_DATABASE_LIMITATION,COMPONENT_DATABASE_LIMITATION,COMPONENT_DATABASE_LIMITATION: Required communication range (121.20 km) exceeds the maximum range available in the telemetry catalog (80.00 km).,Component Sizing,AvionicsEngine,TelemetrySelector,Propulsion Sizing,Twin-Engine High-Wing Cargo Transport,High Wing,Twin Tractor,Conventional,Tricycle,,2.0234,4.073,8.2,Selig S1223,93.53,130.89,2471.9,4101.4,121.2,,,,,,COMPONENT_CATALOG_LIMITATION,High,Target range (121.2 km) exceeds maximum available database telemetry range (80 km limit of Silvus StreamCaster).,Expand telemetry catalog to include longer range modems (e.g. Silvus SC4400 or satellite link systems).
FW-072,DELIVERY,8.02,115.0,62.1,72.3,INVALID_REQUIREMENTS,INVALID_REQUIREMENTS,Mission range (115.0 km) is physically inconsistent with cruise speed (72.3 km/h) and flight time (62.1 min). Max theoretical range is 74.8 km.,Input Validation,Pipeline Orchestrator,None,None,,,,,,,,,,,,,,,115.0,,,,,,TRUE_MISSION_INFEASIBILITY,High,Contradictory inputs: requested mission range exceeds the maximum theoretical range achievable at requested cruise speed and endurance.,"Reject mission at user interface stage or require consistent range, speed, and endurance input values."
FW-073,DELIVERY,6.26,134.2,111.3,113.6,COMPONENT_DATABASE_LIMITATION,COMPONENT_DATABASE_LIMITATION,COMPONENT_DATABASE_LIMITATION: Required communication range (134.20 km) exceeds the maximum range available in the telemetry catalog (80.00 km).,Component Sizing,AvionicsEngine,TelemetrySelector,Propulsion Sizing,Twin-Engine High-Wing Cargo Transport,High Wing,Twin Tractor,Conventional,Tricycle,,1.1621,3.087,8.2,Selig S1223,53.72,72.72,1419.7,3057.4,134.2,,,,,,COMPONENT_CATALOG_LIMITATION,High,Target range (134.2 km) exceeds maximum available database telemetry range (80 km limit of Silvus StreamCaster).,Expand telemetry catalog to include longer range modems (e.g. Silvus SC4400 or satellite link systems).
FW-074,DELIVERY,8.41,145.9,79.1,113.1,COMPONENT_DATABASE_LIMITATION,COMPONENT_DATABASE_LIMITATION,COMPONENT_DATABASE_LIMITATION: Required communication range (145.90 km) exceeds the maximum range available in the telemetry catalog (80.00 km).,Component Sizing,AvionicsEngine,TelemetrySelector,Propulsion Sizing,Twin-Engine High-Wing Cargo Transport,High Wing,Twin Tractor,Conventional,Tricycle,,1.5612,3.578,8.2,Selig S1223,72.17,99.48,1907.3,3057.4,145.9,,,,,,COMPONENT_CATALOG_LIMITATION,High,Target range (145.9 km) exceeds maximum available database telemetry range (80 km limit of Silvus StreamCaster).,Expand telemetry catalog to include longer range modems (e.g. Silvus SC4400 or satellite link systems).
FW-075,DELIVERY,5.74,105.5,52.2,77.5,INVALID_REQUIREMENTS,INVALID_REQUIREMENTS,Mission range (105.5 km) is physically inconsistent with cruise speed (77.5 km/h) and flight time (52.2 min). Max theoretical range is 67.4 km.,Input Validation,Pipeline Orchestrator,None,None,,,,,,,,,,,,,,,105.5,,,,,,TRUE_MISSION_INFEASIBILITY,High,Contradictory inputs: requested mission range exceeds the maximum theoretical range achievable at requested cruise speed and endurance.,"Reject mission at user interface stage or require consistent range, speed, and endurance input values."
FW-076,DELIVERY,7.48,97.0,101.2,99.8,COMPONENT_DATABASE_LIMITATION,COMPONENT_DATABASE_LIMITATION,COMPONENT_DATABASE_LIMITATION: Required communication range (97.00 km) exceeds the maximum range available in the telemetry catalog (80.00 km).,Component Sizing,AvionicsEngine,TelemetrySelector,Propulsion Sizing,Twin-Engine High-Wing Cargo Transport,High Wing,Twin Tractor,Conventional,Tricycle,,1.3885,3.374,8.2,Selig S1223,64.18,86.62,1696.3,3057.4,97.0,,,,,,COMPONENT_CATALOG_LIMITATION,High,Target range (97.0 km) exceeds maximum available database telemetry range (80 km limit of Silvus StreamCaster).,Expand telemetry catalog to include longer range modems (e.g. Silvus SC4400 or satellite link systems).
FW-077,DELIVERY,9.51,83.1,161.1,119.5,COMPONENT_DATABASE_LIMITATION,COMPONENT_DATABASE_LIMITATION,COMPONENT_DATABASE_LIMITATION: Required communication range (83.10 km) exceeds the maximum range available in the telemetry catalog (80.00 km).,Component Sizing,AvionicsEngine,TelemetrySelector,Propulsion Sizing,Twin-Engine High-Wing Cargo Transport,High Wing,Twin Tractor,Conventional,Tricycle,,1.7654,3.805,8.2,Selig S1223,81.6,110.69,2156.7,4101.4,83.1,,,,,,COMPONENT_CATALOG_LIMITATION,High,Target range (83.1 km) exceeds maximum available database telemetry range (80 km limit of Silvus StreamCaster).,Expand telemetry catalog to include longer range modems (e.g. Silvus SC4400 or satellite link systems).
FW-078,DELIVERY,14.6,41.9,148.0,101.3,MTOW_LIMIT_EXCEEDED,MTOW_LIMIT_EXCEEDED,Calculated takeoff weight (53.51 kg) exceeds maximum takeoff weight limit constraint (25.00 kg).,Mass Sizing,MassPropertiesEngine,MassValidator,Payload Sizing,Twin-Engine High-Wing Cargo Transport,High Wing,Twin Tractor,Conventional,Tricycle,,2.7102,4.714,8.2,Selig S1223,125.28,149.62,3311.0,4101.4,41.9,50.0,,,,,TRUE_MTOW_LIMIT,High,Calculated takeoff weight (53.51 kg) exceeds project-wide 25.0 kg maximum takeoff weight limit (EXTREME_EXCEEDANCE).,"Reduce payload mass, range, or flight time constraints to shrink sized weight back below 25 kg."
FW-079,DELIVERY,6.74,39.0,45.4,92.5,NON_CONVERGED,NON_CONVERGED,Subsystem execution failed with exception: PropulsionOptimizer failed: PropulsionOptimizer failed: No feasible design candidates found.; Convergence failed: Subsystem execution failed with exception: PropulsionOptimizer failed: PropulsionOptimizer failed: No feasible design candidates found.,None,None,None,None,Twin-Engine High-Wing Cargo Transport,High Wing,Twin Tractor,Conventional,Tricycle,18.598,1.2512,3.203,8.2,Selig S1223,57.84,77.49,1528.6,3057.4,39.0,40.0,1.35,2.372,89.3,,TRUE_PROPULSION_INFEASIBILITY,High,Propulsion optimizer failed to select a motor-propeller pair satisfying thrust and electrical constraints.,Expand propulsion catalog or relax minimum thrust-to-weight constraints.
FW-080,DELIVERY,7.88,63.9,161.0,73.6,MTOW_LIMIT_EXCEEDED,MTOW_LIMIT_EXCEEDED,Calculated takeoff weight (27.74 kg) exceeds maximum takeoff weight limit constraint (25.00 kg).,Mass Sizing,MassPropertiesEngine,MassValidator,Payload Sizing,Twin-Engine High-Wing Cargo Transport,High Wing,Twin Tractor,Conventional,Tricycle,,1.4628,3.463,8.2,Selig S1223,67.62,91.01,1787.1,3057.4,63.9,80.0,,,,,TRUE_MTOW_LIMIT,High,Calculated takeoff weight (27.74 kg) exceeds project-wide 25.0 kg maximum takeoff weight limit (MODERATE_EXCEEDANCE).,"Reduce payload mass, range, or flight time constraints to shrink sized weight back below 25 kg."
FW-081,SECURITY,3.31,232.2,348.1,91.3,SIZING_INFEASIBLE,SIZING_INFEASIBLE,"Sized fuselage width (0.28 m) exceeds wing root chord (0.25 m), which causes extreme aerodynamic blockage and drag. Select a more slender fuselage profile.",None,None,None,None,Twin-Boom Pusher Long-Endurance Monoplane,High Wing,Twin Boom Pusher,Twin Boom,Skid,,0.6144,3.135,16.0,Clark Y,,,,,232.2,,,,,,SELECTOR_COORDINATION_PROBLEM,High,Wing Aspect Ratio selector and Fuselage Sizer are uncoordinated: high-AR choices result in a wing root chord smaller than the payload-enforced fuselage width.,Implement coordination between fuselage sizer and wing engine to decrement Aspect Ratio when fuselage width exceeds root chord.
FW-082,RESEARCH,1.25,161.5,314.8,98.5,COMPONENT_DATABASE_LIMITATION,COMPONENT_DATABASE_LIMITATION,"COMPONENT_DATABASE_LIMITATION: Lightest available component of type 'Scientific Instruments' in database weighs 1.80 kg, which exceeds the maximum allowed structural payload limit of 1.31 kg.",Component Sizing,AvionicsEngine,TelemetrySelector,Propulsion Sizing,High-Wing Conventional Research UAV,High Wing,Tractor,Conventional,Tricycle,,0.232,1.485,9.5,NACA 4412,,,,,161.5,,,,,,COMPONENT_CATALOG_LIMITATION,High,"A required payload, sensor, or power subsystem component is missing from catalog databases: COMPONENT_DATABASE_LIMITATION: Lightest available component of type 'Scientific Instruments' in database weighs 1.80 kg, which exceeds the maximum allowed structural payload limit of 1.31 kg..",Update component database records with missing classes.
FW-083,SURVEY,4.74,200.1,268.9,74.0,COMPONENT_DATABASE_LIMITATION,COMPONENT_DATABASE_LIMITATION,COMPONENT_DATABASE_LIMITATION: Required communication range (200.10 km) exceeds the maximum range available in the telemetry catalog (80.00 km).,Component Sizing,AvionicsEngine,TelemetrySelector,Propulsion Sizing,High-Wing Rear-Pusher Survey Drone,High Wing,Pusher,Conventional,Tricycle,,0.8799,3.04,10.5,Clark Y,40.67,73.08,1049.8,1400,200.1,,,,,,COMPONENT_CATALOG_LIMITATION,High,Target range (200.1 km) exceeds maximum available database telemetry range (80 km limit of Silvus StreamCaster).,Expand telemetry catalog to include longer range modems (e.g. Silvus SC4400 or satellite link systems).
FW-084,SECURITY,4.83,267.2,283.5,117.5,SIZING_INFEASIBLE,SIZING_INFEASIBLE,"Sized fuselage width (0.34 m) exceeds wing root chord (0.30 m), which causes extreme aerodynamic blockage and drag. Select a more slender fuselage profile.",None,None,None,None,Twin-Boom Pusher Long-Endurance Monoplane,High Wing,Twin Boom Pusher,Twin Boom,Skid,,0.8966,3.788,16.0,Clark Y,,,,,267.2,,,,,,SELECTOR_COORDINATION_PROBLEM,High,Wing Aspect Ratio selector and Fuselage Sizer are uncoordinated: high-AR choices result in a wing root chord smaller than the payload-enforced fuselage width.,Implement coordination between fuselage sizer and wing engine to decrement Aspect Ratio when fuselage width exceeds root chord.
FW-085,RESEARCH,4.62,136.3,285.4,101.7,COMPONENT_DATABASE_LIMITATION,COMPONENT_DATABASE_LIMITATION,COMPONENT_DATABASE_LIMITATION: Required communication range (136.30 km) exceeds the maximum range available in the telemetry catalog (80.00 km).,Component Sizing,AvionicsEngine,TelemetrySelector,Propulsion Sizing,High-Wing Conventional Research UAV,High Wing,Tractor,Conventional,Tricycle,,0.8576,2.854,9.5,NACA 4412,56.63,73.08,1033.3,1400,136.3,,,,,,COMPONENT_CATALOG_LIMITATION,High,Target range (136.3 km) exceeds maximum available database telemetry range (80 km limit of Silvus StreamCaster).,Expand telemetry catalog to include longer range modems (e.g. Silvus SC4400 or satellite link systems).
FW-086,SECURITY,0.97,132.2,254.1,94.8,SIZING_INFEASIBLE,SIZING_INFEASIBLE,"Sized fuselage width (0.15 m) exceeds wing root chord (0.14 m), which causes extreme aerodynamic blockage and drag. Select a more slender fuselage profile.",None,None,None,None,Twin-Boom Pusher Long-Endurance Monoplane,High Wing,Twin Boom Pusher,Twin Boom,Skid,,0.1801,1.697,16.0,Clark Y,,,,,132.2,,,,,,SELECTOR_COORDINATION_PROBLEM,High,Wing Aspect Ratio selector and Fuselage Sizer are uncoordinated: high-AR choices result in a wing root chord smaller than the payload-enforced fuselage width.,Implement coordination between fuselage sizer and wing engine to decrement Aspect Ratio when fuselage width exceeds root chord.
FW-087,SURVEY,1.02,254.5,335.7,111.2,COMPONENT_DATABASE_LIMITATION,COMPONENT_DATABASE_LIMITATION,COMPONENT_DATABASE_LIMITATION: Required communication range (254.50 km) exceeds the maximum range available in the telemetry catalog (80.00 km).,Component Sizing,AvionicsEngine,TelemetrySelector,Propulsion Sizing,High-Wing Rear-Pusher Survey Drone,High Wing,Pusher,Conventional,Tricycle,,0.1893,1.41,10.5,Clark Y,8.75,23.73,225.8,380,254.5,,,,,,COMPONENT_CATALOG_LIMITATION,High,Target range (254.5 km) exceeds maximum available database telemetry range (80 km limit of Silvus StreamCaster).,Expand telemetry catalog to include longer range modems (e.g. Silvus SC4400 or satellite link systems).
FW-088,SECURITY,3.9,225.1,316.8,80.2,SIZING_INFEASIBLE,SIZING_INFEASIBLE,"Sized fuselage width (0.31 m) exceeds wing root chord (0.27 m), which causes extreme aerodynamic blockage and drag. Select a more slender fuselage profile.",None,None,None,None,Conventional High-Wing Tractor (Utility),High Wing,Tractor,Conventional,Tricycle,,0.724,3.404,16.0,Clark Y,,,,,225.1,,,,,,SELECTOR_COORDINATION_PROBLEM,High,Wing Aspect Ratio selector and Fuselage Sizer are uncoordinated: high-AR choices result in a wing root chord smaller than the payload-enforced fuselage width.,Implement coordination between fuselage sizer and wing engine to decrement Aspect Ratio when fuselage width exceeds root chord.
FW-089,RESEARCH,0.63,226.0,323.9,105.5,COMPONENT_DATABASE_LIMITATION,COMPONENT_DATABASE_LIMITATION,"COMPONENT_DATABASE_LIMITATION: Lightest available component of type 'Scientific Instruments' in database weighs 1.80 kg, which exceeds the maximum allowed structural payload limit of 0.66 kg.",Component Sizing,AvionicsEngine,TelemetrySelector,Propulsion Sizing,High-Wing Conventional Research UAV,High Wing,Tractor,Conventional,Tricycle,,0.1169,1.054,9.5,NACA 4412,,,,,226.0,,,,,,COMPONENT_CATALOG_LIMITATION,High,"A required payload, sensor, or power subsystem component is missing from catalog databases: COMPONENT_DATABASE_LIMITATION: Lightest available component of type 'Scientific Instruments' in database weighs 1.80 kg, which exceeds the maximum allowed structural payload limit of 0.66 kg..",Update component database records with missing classes.
FW-090,SECURITY,1.01,289.4,296.6,77.7,SIZING_INFEASIBLE,SIZING_INFEASIBLE,"Sized fuselage width (0.16 m) exceeds wing root chord (0.14 m), which causes extreme aerodynamic blockage and drag. Select a more slender fuselage profile.",None,None,None,None,Conventional High-Wing Tractor (Utility),High Wing,Tractor,Conventional,Tricycle,,0.1875,1.732,16.0,Clark Y,,,,,289.4,,,,,,SELECTOR_COORDINATION_PROBLEM,High,Wing Aspect Ratio selector and Fuselage Sizer are uncoordinated: high-AR choices result in a wing root chord smaller than the payload-enforced fuselage width.,Implement coordination between fuselage sizer and wing engine to decrement Aspect Ratio when fuselage width exceeds root chord.
FW-091,SURVEY,1.0,20.0,30.0,40.0,INVALID_REQUIREMENTS,INVALID_REQUIREMENTS,Stall speed target (45.0 km/h) must be less than cruise speed (40.0 km/h),Input Validation,Pipeline Orchestrator,None,None,,,,,,,,,,,,,,,20.0,,,,,,TRUE_MISSION_INFEASIBILITY,High,Invalid mission inputs: Stall speed target (45.0 km/h) must be less than cruise speed (40.0 km/h).,"Reject mission at user interface stage or require consistent range, speed, and endurance input values."
FW-092,DELIVERY,25.0,100.0,120.0,110.0,PROPULSION_INFEASIBLE,PROPULSION_INFEASIBLE,Takeoff thrust-to-weight ratio (0.24) is below minimum required constraint limit (0.30).; Selected motor maximum power (4101.4 W) is insufficient to sustain the power required during steady rate of climb (5669.5 W).,Propulsion Sizing,PropulsionEngine,PropulsionValidator,Tail/Fuselage Sizing,Twin-Engine High-Wing Cargo Transport,High Wing,Twin Tractor,Conventional,Tricycle,,4.6408,6.169,8.2,Selig S1223,,,,,100.0,,,,,,COMPONENT_CATALOG_LIMITATION,High,The required propulsion power (9343.9 W) exceeds the maximum capacity of any motor in the database (largest is KDE Direct 7215XF with 3400 W).,Expand propulsion catalog to include heavy-lift motors and larger propeller options.
FW-093,RESEARCH,1.0,150.0,600.0,90.0,COMPONENT_DATABASE_LIMITATION,COMPONENT_DATABASE_LIMITATION,"COMPONENT_DATABASE_LIMITATION: Lightest available component of type 'Scientific Instruments' in database weighs 1.80 kg, which exceeds the maximum allowed structural payload limit of 1.05 kg.",Component Sizing,AvionicsEngine,TelemetrySelector,Propulsion Sizing,High-Wing Conventional Research UAV,High Wing,Tractor,Conventional,Tricycle,,0.1856,1.328,9.5,NACA 4412,,,,,150.0,,,,,,COMPONENT_CATALOG_LIMITATION,High,"A required payload, sensor, or power subsystem component is missing from catalog databases: COMPONENT_DATABASE_LIMITATION: Lightest available component of type 'Scientific Instruments' in database weighs 1.80 kg, which exceeds the maximum allowed structural payload limit of 1.05 kg..",Update component database records with missing classes.
FW-094,SECURITY,1.5,500.0,240.0,130.0,SIZING_INFEASIBLE,SIZING_INFEASIBLE,"Sized fuselage width (0.19 m) exceeds wing root chord (0.17 m), which causes extreme aerodynamic blockage and drag. Select a more slender fuselage profile.",None,None,None,None,Conventional High-Wing Tractor (Utility),High Wing,Tractor,Conventional,Tricycle,,0.2784,2.111,16.0,Clark Y,,,,,500.0,,,,,,SELECTOR_COORDINATION_PROBLEM,High,Wing Aspect Ratio selector and Fuselage Sizer are uncoordinated: high-AR choices result in a wing root chord smaller than the payload-enforced fuselage width.,Implement coordination between fuselage sizer and wing engine to decrement Aspect Ratio when fuselage width exceeds root chord.
FW-095,SECURITY,2.0,120.0,60.0,180.0,SIZING_INFEASIBLE,SIZING_INFEASIBLE,"Sized fuselage width (0.22 m) exceeds wing root chord (0.19 m), which causes extreme aerodynamic blockage and drag. Select a more slender fuselage profile.",None,None,None,None,Conventional High-Wing Tractor (Utility),High Wing,Tractor,Conventional,Tricycle,,0.3713,2.437,16.0,Clark Y,,,,,120.0,,,,,,SELECTOR_COORDINATION_PROBLEM,High,Wing Aspect Ratio selector and Fuselage Sizer are uncoordinated: high-AR choices result in a wing root chord smaller than the payload-enforced fuselage width.,Implement coordination between fuselage sizer and wing engine to decrement Aspect Ratio when fuselage width exceeds root chord.
FW-096,DELIVERY,10.0,50.0,60.0,70.0,MTOW_LIMIT_EXCEEDED,MTOW_LIMIT_EXCEEDED,Calculated takeoff weight (26.02 kg) exceeds maximum takeoff weight limit constraint (25.00 kg).,Mass Sizing,MassPropertiesEngine,MassValidator,Payload Sizing,Twin-Engine High-Wing Cargo Transport,High Wing,Twin Tractor,Conventional,Tricycle,,1.8563,3.901,8.2,Selig S1223,85.81,115.44,2267.8,3057.4,50.0,50.0,,,,,TRUE_MTOW_LIMIT,High,Calculated takeoff weight (26.02 kg) exceeds project-wide 25.0 kg maximum takeoff weight limit (NEAR_LIMIT).,"Reduce payload mass, range, or flight time constraints to shrink sized weight back below 25 kg."
FW-097,RESEARCH,3.0,60.0,90.0,95.0,NON_CONVERGED,NON_CONVERGED,Subsystem execution failed with exception: MassPropertiesOptimizer failed: MassPropertiesOptimizer failed: No feasible design candidates found.; Convergence failed: Subsystem execution failed with exception: MassPropertiesOptimizer failed: MassPropertiesOptimizer failed: No feasible design candidates found.,None,None,None,None,High-Wing Conventional Research UAV,High Wing,Tractor,Conventional,Tricycle,9.427,0.5569,2.3,9.5,NACA 4412,25.74,46.04,671.0,700,60.0,80.0,1.3,1.896,35.3,,TRUE_MISSION_INFEASIBILITY,High,Pipeline convergence failed: Subsystem execution failed with exception: MassPropertiesOptimizer failed: MassPropertiesOptimizer failed: No feasible design candidates found.; Convergence failed: Subsystem execution failed with exception: MassPropertiesOptimizer failed: MassPropertiesOptimizer failed: No feasible design candidates found.,"Review target range, payload, and speed bounds."
FW-098,SURVEY,1.0,150.0,90.0,90.0,COMPONENT_DATABASE_LIMITATION,COMPONENT_DATABASE_LIMITATION,COMPONENT_DATABASE_LIMITATION: Required communication range (150.00 km) exceeds the maximum range available in the telemetry catalog (80.00 km).,Component Sizing,AvionicsEngine,TelemetrySelector,Propulsion Sizing,High-Wing Rear-Pusher Survey Drone,High Wing,Pusher,Conventional,Belly Landing,,0.1856,1.396,10.5,Clark Y,12.26,23.73,221.4,380,150.0,,,,,,COMPONENT_CATALOG_LIMITATION,High,Target range (150.0 km) exceeds maximum available database telemetry range (80 km limit of Silvus StreamCaster).,Expand telemetry catalog to include longer range modems (e.g. Silvus SC4400 or satellite link systems).
FW-099,DELIVERY,8.0,40.0,60.0,65.0,NON_CONVERGED,NON_CONVERGED,Subsystem execution failed with exception: PropulsionOptimizer failed: PropulsionOptimizer failed: No feasible design candidates found.; Convergence failed: Subsystem execution failed with exception: PropulsionOptimizer failed: PropulsionOptimizer failed: No feasible design candidates found.,None,None,None,None,Twin-Engine High-Wing Cargo Transport,High Wing,Twin Tractor,Conventional,Tricycle,21.23,1.4851,3.49,8.2,Selig S1223,68.65,95.29,1814.3,3057.4,40.0,40.0,1.35,1.65,90.8,,TRUE_PROPULSION_INFEASIBILITY,High,Propulsion optimizer failed to select a motor-propeller pair satisfying thrust and electrical constraints.,Expand propulsion catalog or relax minimum thrust-to-weight constraints.
FW-100,SURVEY,5.0,80.0,90.0,100.0,NON_CONVERGED,NON_CONVERGED,Subsystem execution failed with exception: PropulsionOptimizer failed: PropulsionOptimizer failed: No feasible design candidates found.; Convergence failed: Subsystem execution failed with exception: PropulsionOptimizer failed: PropulsionOptimizer failed: No feasible design candidates found.,None,None,None,None,High-Wing Rear-Pusher Survey Drone,High Wing,Pusher,Conventional,Tricycle,11.884,0.9282,3.122,10.5,Clark Y,42.91,73.08,1107.4,1400,80.0,80.0,1.2,2.309,18.0,,TRUE_PROPULSION_INFEASIBILITY,High,Propulsion optimizer failed to select a motor-propeller pair satisfying thrust and electrical constraints.,Expand propulsion catalog or relax minimum thrust-to-weight constraints.
