case_id,before_status,after_status,before_mtow_kg,after_mtow_kg,before_wingspan_m,after_wingspan_m,before_ar,after_ar,before_airfoil,after_airfoil,before_telemetry,after_telemetry,before_static_margin_percent,after_static_margin_percent,before_review_priority,after_review_priority,change_reason
FW-001,SIZING_INFEASIBLE,PERFORMANCE_INFEASIBLE,3.001,2.801,1.1764,1.1764,10.5,10.5,Clark Y,Clark Y,Microhard PMDDL2450,Microhard PMDDL2450,17.9,17.9,NORMAL,HIGH,Status changed from SIZING_INFEASIBLE to PERFORMANCE_INFEASIBLE; MTOW changed by -0.200 kg due to corrected battery continuous sizing or payload propagation; Review priority changed: NORMAL -> HIGH (hardened classification)
FW-002,SIZING_INFEASIBLE,SIZING_INFEASIBLE,,,1.3349,1.3349,16.0,16.0,,Clark Y,,,,,NORMAL,NORMAL,Airfoil fallback applied: '' -> 'Clark Y'
FW-003,CONFIGURATION_INFEASIBLE,CONFIGURATION_INFEASIBLE,,,,,,,,,,,,,NORMAL,NORMAL,No changes. Sizing results identical.
FW-004,CONFIGURATION_INFEASIBLE,CONFIGURATION_INFEASIBLE,,,,,,,,,,,,,NORMAL,NORMAL,No changes. Sizing results identical.
FW-005,SIZING_INFEASIBLE,PERFORMANCE_INFEASIBLE,3.699,3.319,1.3171,1.3171,10.5,10.5,Clark Y,Clark Y,Microhard PMDDL2450,Microhard PMDDL2450,18.1,18.1,NORMAL,HIGH,Status changed from SIZING_INFEASIBLE to PERFORMANCE_INFEASIBLE; MTOW changed by -0.380 kg due to corrected battery continuous sizing or payload propagation; Review priority changed: NORMAL -> HIGH (hardened classification)
FW-006,SIZING_INFEASIBLE,PERFORMANCE_INFEASIBLE,2.422,2.212,0.914,0.914,7.5,7.5,NACA 4412,NACA 4412,Microhard PMDDL2450,Microhard PMDDL2450,55.4,38.4,NORMAL,HIGH,Status changed from SIZING_INFEASIBLE to PERFORMANCE_INFEASIBLE; MTOW changed by -0.210 kg due to corrected battery continuous sizing or payload propagation; Review priority changed: NORMAL -> HIGH (hardened classification)
FW-007,SUCCESS,SUCCESS,5.751,5.101,2.1057,1.9827,10.5,10.5,Clark Y,Clark Y,Microhard PMDDL2450,Microhard PMDDL2450,18.0,18.0,NORMAL,HIGH,Verification status changed from Verified to VERIFIED due to strict aggregate rule checks; MTOW changed by -0.650 kg due to corrected battery continuous sizing or payload propagation; Review priority changed: NORMAL -> HIGH (hardened classification)
FW-008,SUCCESS,SUCCESS,3.763,3.522,1.441,1.3914,7.5,7.5,NACA 4412,NACA 4412,RFDesign RFD900ux,RFDesign RFD900ux,18.1,18.1,REVIEW,HIGH,Verification status changed from Verified to VERIFIED due to strict aggregate rule checks; MTOW changed by -0.241 kg due to corrected battery continuous sizing or payload propagation; Review priority changed: REVIEW -> HIGH (hardened classification)
FW-009,SIZING_INFEASIBLE,SUCCESS,2.476,3.224,0.914,1.3326,7.5,7.5,NACA 4412,NACA 4412,RFDesign RFD900ux,RFDesign RFD900ux,52.4,17.9,NORMAL,HIGH,Status changed from SIZING_INFEASIBLE to SUCCESS; Verification status changed from N/A to VERIFIED due to strict aggregate rule checks; MTOW changed by +0.748 kg due to corrected battery continuous sizing or payload propagation; Review priority changed: NORMAL -> HIGH (hardened classification)
FW-010,SIZING_INFEASIBLE,COMPONENT_DATABASE_LIMITATION,,,1.0814,1.0814,10.5,10.5,Clark Y,Clark Y,Microhard PMDDL2450,Microhard PMDDL2450,,,NORMAL,NORMAL,Telemetry/payload database limitation error handled cleanly
FW-011,SIZING_INFEASIBLE,COMPONENT_DATABASE_LIMITATION,,,1.0814,1.0814,10.5,10.5,Clark Y,Clark Y,Microhard PMDDL2450,Microhard PMDDL2450,,,NORMAL,NORMAL,Telemetry/payload database limitation error handled cleanly
FW-012,CONFIGURATION_INFEASIBLE,CONFIGURATION_INFEASIBLE,,,,,,,,,,,,,NORMAL,NORMAL,No changes. Sizing results identical.
FW-013,SUCCESS,SUCCESS,5.951,5.691,2.1408,2.0933,10.5,10.5,Clark Y,Clark Y,Microhard PMDDL2450,Microhard PMDDL2450,18.0,18.0,REVIEW,HIGH,Verification status changed from Verified to VERIFIED due to strict aggregate rule checks; MTOW changed by -0.260 kg due to corrected battery continuous sizing or payload propagation; Review priority changed: REVIEW -> HIGH (hardened classification)
FW-014,CONFIGURATION_INFEASIBLE,CONFIGURATION_INFEASIBLE,,,,,,,,,,,,,NORMAL,NORMAL,No changes. Sizing results identical.
FW-015,SIZING_INFEASIBLE,COMPONENT_DATABASE_LIMITATION,,,1.0814,1.0814,10.5,10.5,Clark Y,Clark Y,Microhard PMDDL2450,Microhard PMDDL2450,,,NORMAL,NORMAL,Telemetry/payload database limitation error handled cleanly
FW-016,SUCCESS,SUCCESS,8.125,7.829,2.5005,2.4567,10.5,10.5,Clark Y,Clark Y,Microhard PMDDL2450,Microhard PMDDL2450,18.0,17.9,NORMAL,HIGH,Verification status changed from Verified to VERIFIED due to strict aggregate rule checks; MTOW changed by -0.296 kg due to corrected battery continuous sizing or payload propagation; Review priority changed: NORMAL -> HIGH (hardened classification)
FW-017,SIZING_INFEASIBLE,PERFORMANCE_INFEASIBLE,2.383,2.183,0.914,0.914,7.5,7.5,NACA 4412,NACA 4412,RFDesign RFD900ux,RFDesign RFD900ux,57.1,40.9,NORMAL,HIGH,Status changed from SIZING_INFEASIBLE to PERFORMANCE_INFEASIBLE; MTOW changed by -0.200 kg due to corrected battery continuous sizing or payload propagation; Review priority changed: NORMAL -> HIGH (hardened classification)
FW-018,SIZING_INFEASIBLE,PERFORMANCE_INFEASIBLE,2.826,2.406,1.0354,1.0354,7.5,7.5,NACA 4412,NACA 4412,RFDesign RFD900ux,RFDesign RFD900ux,64.7,35.4,NORMAL,HIGH,Status changed from SIZING_INFEASIBLE to PERFORMANCE_INFEASIBLE; MTOW changed by -0.420 kg due to corrected battery continuous sizing or payload propagation; Review priority changed: NORMAL -> HIGH (hardened classification)
FW-019,SIZING_INFEASIBLE,PERFORMANCE_INFEASIBLE,3.13,3.01,1.1081,1.1081,10.5,10.5,Clark Y,Clark Y,Microhard PMDDL2450,Microhard PMDDL2450,18.1,18.1,NORMAL,NORMAL,Status changed from SIZING_INFEASIBLE to PERFORMANCE_INFEASIBLE; MTOW changed by -0.120 kg due to corrected battery continuous sizing or payload propagation
FW-020,SIZING_INFEASIBLE,COMPONENT_DATABASE_LIMITATION,,,1.0814,1.0814,10.5,10.5,Clark Y,Clark Y,Microhard PMDDL2450,Microhard PMDDL2450,,,NORMAL,NORMAL,Telemetry/payload database limitation error handled cleanly
FW-021,SIZING_INFEASIBLE,COMPONENT_DATABASE_LIMITATION,,,1.56,1.56,9.5,9.5,NACA 4412,NACA 4412,Silvus StreamCaster Lite,Silvus StreamCaster Lite,,,NORMAL,NORMAL,Telemetry/payload database limitation error handled cleanly
FW-022,SIZING_INFEASIBLE,COMPONENT_DATABASE_LIMITATION,,,1.5294,1.5294,10.5,10.5,Clark Y,Clark Y,,,,,NORMAL,NORMAL,Telemetry/payload database limitation error handled cleanly
FW-023,CONFIGURATION_INFEASIBLE,CONFIGURATION_INFEASIBLE,,,,,,,,,,,,,NORMAL,NORMAL,No changes. Sizing results identical.
FW-024,SIZING_INFEASIBLE,SIZING_INFEASIBLE,,,2.7628,2.7628,16.0,16.0,,Clark Y,,,,,NORMAL,NORMAL,Airfoil fallback applied: '' -> 'Clark Y'
FW-025,SIZING_INFEASIBLE,SIZING_INFEASIBLE,,,1.8157,1.8157,16.0,16.0,,Clark Y,,,,,NORMAL,NORMAL,Airfoil fallback applied: '' -> 'Clark Y'
FW-026,SIZING_INFEASIBLE,SIZING_INFEASIBLE,,,1.8401,1.8401,16.0,16.0,,Clark Y,,,,,NORMAL,NORMAL,Airfoil fallback applied: '' -> 'Clark Y'
FW-027,CONFIGURATION_INFEASIBLE,CONFIGURATION_INFEASIBLE,,,,,,,,,,,,,NORMAL,NORMAL,No changes. Sizing results identical.
FW-028,SIZING_INFEASIBLE,COMPONENT_DATABASE_LIMITATION,,,1.7824,1.7824,10.5,10.5,Clark Y,Clark Y,,,,,NORMAL,NORMAL,Telemetry/payload database limitation error handled cleanly
FW-029,SIZING_INFEASIBLE,COMPONENT_DATABASE_LIMITATION,,,1.7315,1.7315,9.5,9.5,NACA 4412,NACA 4412,Microhard PMDDL2450,Microhard PMDDL2450,,,NORMAL,NORMAL,Telemetry/payload database limitation error handled cleanly
FW-030,SIZING_INFEASIBLE,SIZING_INFEASIBLE,,,2.5034,2.5034,16.0,16.0,,Clark Y,,,,,NORMAL,NORMAL,Airfoil fallback applied: '' -> 'Clark Y'
FW-031,CONFIGURATION_INFEASIBLE,CONFIGURATION_INFEASIBLE,,,,,,,,,,,,,NORMAL,NORMAL,No changes. Sizing results identical.
FW-032,SIZING_INFEASIBLE,SIZING_INFEASIBLE,,,2.1456,2.1456,16.0,16.0,,Clark Y,,,,,NORMAL,NORMAL,Airfoil fallback applied: '' -> 'Clark Y'
FW-033,SIZING_INFEASIBLE,MTOW_LIMIT_EXCEEDED,24.616,21.602,4.2614,3.9915,10.5,10.5,Clark Y,Clark Y,Microhard PMDDL2450,Microhard PMDDL2450,18.1,18.0,NORMAL,HIGH,Status changed from SIZING_INFEASIBLE to MTOW_LIMIT_EXCEEDED; MTOW changed by -3.014 kg due to corrected battery continuous sizing or payload propagation; Review priority changed: NORMAL -> HIGH (hardened classification)
FW-034,SIZING_INFEASIBLE,SIZING_INFEASIBLE,,,2.1935,2.1935,16.0,16.0,,Clark Y,,,,,NORMAL,NORMAL,Airfoil fallback applied: '' -> 'Clark Y'
FW-035,SIZING_INFEASIBLE,SIZING_INFEASIBLE,,,2.5093,2.5093,16.0,16.0,,Clark Y,,,,,NORMAL,NORMAL,Airfoil fallback applied: '' -> 'Clark Y'
FW-036,SIZING_INFEASIBLE,SIZING_INFEASIBLE,,,2.2205,2.2205,16.0,16.0,,Clark Y,,,,,NORMAL,NORMAL,Airfoil fallback applied: '' -> 'Clark Y'
FW-037,SIZING_INFEASIBLE,SIZING_INFEASIBLE,,,2.8423,2.8423,16.0,16.0,,Clark Y,,,,,NORMAL,NORMAL,Airfoil fallback applied: '' -> 'Clark Y'
FW-038,SIZING_INFEASIBLE,COMPONENT_DATABASE_LIMITATION,,,1.6586,1.6586,9.5,9.5,NACA 4412,NACA 4412,Microhard PMDDL2450,Microhard PMDDL2450,,,NORMAL,NORMAL,Telemetry/payload database limitation error handled cleanly
FW-039,INVALID_REQUIREMENTS,INVALID_REQUIREMENTS,,,,,,,,,,,,,NORMAL,NORMAL,No changes. Sizing results identical.
FW-040,CONFIGURATION_INFEASIBLE,CONFIGURATION_INFEASIBLE,,,,,,,,,,,,,NORMAL,NORMAL,No changes. Sizing results identical.
FW-041,CONFIGURATION_INFEASIBLE,CONFIGURATION_INFEASIBLE,,,,,,,,,,,,,NORMAL,NORMAL,No changes. Sizing results identical.
FW-042,CONFIGURATION_INFEASIBLE,CONFIGURATION_INFEASIBLE,,,,,,,,,,,,,NORMAL,NORMAL,No changes. Sizing results identical.
FW-043,SIZING_INFEASIBLE,COMPONENT_DATABASE_LIMITATION,,,1.5825,1.5825,9.5,9.5,NACA 4412,NACA 4412,,,,,NORMAL,NORMAL,Telemetry/payload database limitation error handled cleanly
FW-044,SIZING_INFEASIBLE,SIZING_INFEASIBLE,,,2.945,2.945,16.0,16.0,,Clark Y,,,,,NORMAL,NORMAL,Airfoil fallback applied: '' -> 'Clark Y'
FW-045,SIZING_INFEASIBLE,MTOW_LIMIT_EXCEEDED,24.766,22.859,4.3082,4.1458,10.5,10.5,Clark Y,Clark Y,Microhard PMDDL2450,Microhard PMDDL2450,18.0,18.0,NORMAL,HIGH,Status changed from SIZING_INFEASIBLE to MTOW_LIMIT_EXCEEDED; MTOW changed by -1.907 kg due to corrected battery continuous sizing or payload propagation; Review priority changed: NORMAL -> HIGH (hardened classification)
FW-046,SIZING_INFEASIBLE,SIZING_INFEASIBLE,,,3.6721,3.6721,16.0,16.0,,Clark Y,,,,,NORMAL,NORMAL,Airfoil fallback applied: '' -> 'Clark Y'
FW-047,CONFIGURATION_INFEASIBLE,CONFIGURATION_INFEASIBLE,,,,,,,,,,,,,NORMAL,NORMAL,No changes. Sizing results identical.
FW-048,SIZING_INFEASIBLE,SIZING_INFEASIBLE,,,3.9974,3.9974,16.0,16.0,,Clark Y,,,,,NORMAL,NORMAL,Airfoil fallback applied: '' -> 'Clark Y'
FW-049,CONFIGURATION_INFEASIBLE,CONFIGURATION_INFEASIBLE,,,,,,,,,,,,,NORMAL,NORMAL,No changes. Sizing results identical.
FW-050,SIZING_INFEASIBLE,COMPONENT_DATABASE_LIMITATION,,,2.636,2.636,9.5,9.5,NACA 4412,NACA 4412,,,,,NORMAL,NORMAL,Telemetry/payload database limitation error handled cleanly
FW-051,SIZING_INFEASIBLE,COMPONENT_DATABASE_LIMITATION,,,2.3977,2.3977,9.5,9.5,NACA 4412,NACA 4412,,,,,NORMAL,NORMAL,Telemetry/payload database limitation error handled cleanly
FW-052,SIZING_INFEASIBLE,SIZING_INFEASIBLE,,,4.1434,4.1434,16.0,16.0,,Clark Y,,,,,NORMAL,NORMAL,Airfoil fallback applied: '' -> 'Clark Y'
FW-053,SIZING_INFEASIBLE,COMPONENT_DATABASE_LIMITATION,,,3.4655,3.4655,9.5,9.5,NACA 4412,NACA 4412,,,,,NORMAL,NORMAL,Telemetry/payload database limitation error handled cleanly
FW-054,CONFIGURATION_INFEASIBLE,CONFIGURATION_INFEASIBLE,,,,,,,,,,,,,NORMAL,NORMAL,No changes. Sizing results identical.
FW-055,CONFIGURATION_INFEASIBLE,CONFIGURATION_INFEASIBLE,,,,,,,,,,,,,NORMAL,NORMAL,No changes. Sizing results identical.
FW-056,SIZING_INFEASIBLE,SIZING_INFEASIBLE,,,3.7837,3.7837,16.0,16.0,,Clark Y,,,,,NORMAL,NORMAL,Airfoil fallback applied: '' -> 'Clark Y'
FW-057,CONFIGURATION_INFEASIBLE,CONFIGURATION_INFEASIBLE,,,,,,,,,,,,,NORMAL,NORMAL,No changes. Sizing results identical.
FW-058,SIZING_INFEASIBLE,MTOW_LIMIT_EXCEEDED,22.024,19.594,3.7763,3.5715,9.5,9.5,NACA 4412,NACA 4412,Silvus StreamCaster Lite,Silvus StreamCaster Lite,18.0,18.0,NORMAL,HIGH,Status changed from SIZING_INFEASIBLE to MTOW_LIMIT_EXCEEDED; MTOW changed by -2.430 kg due to corrected battery continuous sizing or payload propagation; Review priority changed: NORMAL -> HIGH (hardened classification)
FW-059,SIZING_INFEASIBLE,COMPONENT_DATABASE_LIMITATION,,,3.0916,3.0916,9.5,9.5,NACA 4412,NACA 4412,,,,,NORMAL,NORMAL,Telemetry/payload database limitation error handled cleanly
FW-060,SIZING_INFEASIBLE,COMPONENT_DATABASE_LIMITATION,,,3.0572,3.0572,9.5,9.5,NACA 4412,NACA 4412,,,,,NORMAL,NORMAL,Telemetry/payload database limitation error handled cleanly
FW-061,CONFIGURATION_INFEASIBLE,CONFIGURATION_INFEASIBLE,,,,,,,,,,,,,NORMAL,NORMAL,No changes. Sizing results identical.
FW-062,CONFIGURATION_INFEASIBLE,CONFIGURATION_INFEASIBLE,,,,,,,,,,,,,NORMAL,NORMAL,No changes. Sizing results identical.
FW-063,SIZING_INFEASIBLE,COMPONENT_DATABASE_LIMITATION,,,3.507,3.507,10.5,10.5,Clark Y,Clark Y,,,,,NORMAL,NORMAL,Telemetry/payload database limitation error handled cleanly
FW-064,CONFIGURATION_INFEASIBLE,CONFIGURATION_INFEASIBLE,,,,,,,,,,,,,NORMAL,NORMAL,No changes. Sizing results identical.
FW-065,SIZING_INFEASIBLE,COMPONENT_DATABASE_LIMITATION,,,2.9118,2.9118,10.5,10.5,Clark Y,Clark Y,,,,,NORMAL,NORMAL,Telemetry/payload database limitation error handled cleanly
FW-066,SIZING_INFEASIBLE,COMPONENT_DATABASE_LIMITATION,,,4.5833,4.5833,8.2,8.2,Selig S1223,Selig S1223,,,,,NORMAL,NORMAL,Telemetry/payload database limitation error handled cleanly
FW-067,SIZING_INFEASIBLE,COMPONENT_DATABASE_LIMITATION,,,4.376,4.376,8.2,8.2,Selig S1223,Selig S1223,,,,,NORMAL,NORMAL,Telemetry/payload database limitation error handled cleanly
FW-068,SIZING_INFEASIBLE,MTOW_LIMIT_EXCEEDED,,,4.2596,4.2596,8.2,8.2,Selig S1223,Selig S1223,Silvus StreamCaster Lite,Silvus StreamCaster Lite,,,NORMAL,NORMAL,Status changed from SIZING_INFEASIBLE to MTOW_LIMIT_EXCEEDED
FW-069,SIZING_INFEASIBLE,MTOW_LIMIT_EXCEEDED,,,3.9979,3.9979,8.2,8.2,Selig S1223,Selig S1223,Silvus StreamCaster Lite,Silvus StreamCaster Lite,,,NORMAL,NORMAL,Status changed from SIZING_INFEASIBLE to MTOW_LIMIT_EXCEEDED
FW-070,SIZING_INFEASIBLE,COMPONENT_DATABASE_LIMITATION,,,3.0721,3.0721,8.2,8.2,Selig S1223,Selig S1223,,,,,NORMAL,NORMAL,Telemetry/payload database limitation error handled cleanly
FW-071,SIZING_INFEASIBLE,COMPONENT_DATABASE_LIMITATION,,,4.0733,4.0733,8.2,8.2,Selig S1223,Selig S1223,,,,,NORMAL,NORMAL,Telemetry/payload database limitation error handled cleanly
FW-072,INVALID_REQUIREMENTS,INVALID_REQUIREMENTS,,,,,,,,,,,,,NORMAL,NORMAL,No changes. Sizing results identical.
FW-073,SIZING_INFEASIBLE,COMPONENT_DATABASE_LIMITATION,,,3.0869,3.0869,8.2,8.2,Selig S1223,Selig S1223,,,,,NORMAL,NORMAL,Telemetry/payload database limitation error handled cleanly
FW-074,SIZING_INFEASIBLE,COMPONENT_DATABASE_LIMITATION,,,3.5779,3.5779,8.2,8.2,Selig S1223,Selig S1223,,,,,NORMAL,NORMAL,Telemetry/payload database limitation error handled cleanly
FW-075,INVALID_REQUIREMENTS,INVALID_REQUIREMENTS,,,,,,,,,,,,,NORMAL,NORMAL,No changes. Sizing results identical.
FW-076,SIZING_INFEASIBLE,COMPONENT_DATABASE_LIMITATION,,,3.3743,3.3743,8.2,8.2,Selig S1223,Selig S1223,,,,,NORMAL,NORMAL,Telemetry/payload database limitation error handled cleanly
FW-077,SIZING_INFEASIBLE,COMPONENT_DATABASE_LIMITATION,,,3.8047,3.8047,8.2,8.2,Selig S1223,Selig S1223,,,,,NORMAL,NORMAL,Telemetry/payload database limitation error handled cleanly
FW-078,SIZING_INFEASIBLE,MTOW_LIMIT_EXCEEDED,,,4.7142,4.7142,8.2,8.2,Selig S1223,Selig S1223,Microhard PMDDL2450,Microhard PMDDL2450,,,NORMAL,NORMAL,Status changed from SIZING_INFEASIBLE to MTOW_LIMIT_EXCEEDED
FW-079,VERIFICATION_FAILED,VERIFICATION_FAILED,20.172,20.172,3.4859,3.4859,8.2,8.2,Selig S1223,Selig S1223,RFDesign RFD900ux,RFDesign RFD900ux,37.4,37.4,NORMAL,NORMAL,No changes. Sizing results identical.
FW-080,SIZING_INFEASIBLE,MTOW_LIMIT_EXCEEDED,,,3.4634,3.4634,8.2,8.2,Selig S1223,Selig S1223,Silvus StreamCaster Lite,Silvus StreamCaster Lite,,,NORMAL,NORMAL,Status changed from SIZING_INFEASIBLE to MTOW_LIMIT_EXCEEDED
FW-081,SIZING_INFEASIBLE,SIZING_INFEASIBLE,,,3.1355,3.1355,16.0,16.0,,Clark Y,,,,,NORMAL,NORMAL,Airfoil fallback applied: '' -> 'Clark Y'
FW-082,SIZING_INFEASIBLE,COMPONENT_DATABASE_LIMITATION,,,1.4847,1.4847,9.5,9.5,NACA 4412,NACA 4412,,,,,NORMAL,NORMAL,Telemetry/payload database limitation error handled cleanly
FW-083,SIZING_INFEASIBLE,COMPONENT_DATABASE_LIMITATION,,,3.0396,3.0396,10.5,10.5,Clark Y,Clark Y,,,,,NORMAL,NORMAL,Telemetry/payload database limitation error handled cleanly
FW-084,SIZING_INFEASIBLE,SIZING_INFEASIBLE,,,3.7876,3.7876,16.0,16.0,,Clark Y,,,,,NORMAL,NORMAL,Airfoil fallback applied: '' -> 'Clark Y'
FW-085,SIZING_INFEASIBLE,COMPONENT_DATABASE_LIMITATION,,,2.8544,2.8544,9.5,9.5,NACA 4412,NACA 4412,,,,,NORMAL,NORMAL,Telemetry/payload database limitation error handled cleanly
FW-086,SIZING_INFEASIBLE,SIZING_INFEASIBLE,,,1.6974,1.6974,16.0,16.0,,Clark Y,,,,,NORMAL,NORMAL,Airfoil fallback applied: '' -> 'Clark Y'
FW-087,SIZING_INFEASIBLE,COMPONENT_DATABASE_LIMITATION,,,1.41,1.41,10.5,10.5,Clark Y,Clark Y,,,,,NORMAL,NORMAL,Telemetry/payload database limitation error handled cleanly
FW-088,CONFIGURATION_INFEASIBLE,CONFIGURATION_INFEASIBLE,,,,,,,,,,,,,NORMAL,NORMAL,No changes. Sizing results identical.
FW-089,SIZING_INFEASIBLE,COMPONENT_DATABASE_LIMITATION,,,1.054,1.054,9.5,9.5,NACA 4412,NACA 4412,,,,,NORMAL,NORMAL,Telemetry/payload database limitation error handled cleanly
FW-090,CONFIGURATION_INFEASIBLE,CONFIGURATION_INFEASIBLE,,,,,,,,,,,,,NORMAL,NORMAL,No changes. Sizing results identical.
FW-091,INVALID_REQUIREMENTS,INVALID_REQUIREMENTS,,,,,,,,,,,,,NORMAL,NORMAL,No changes. Sizing results identical.
FW-092,COMPONENT_SELECTION_FAILED,PROPULSION_INFEASIBLE,,,6.1689,6.1689,8.2,8.2,Selig S1223,Selig S1223,,,,,NORMAL,NORMAL,Status changed from COMPONENT_SELECTION_FAILED to PROPULSION_INFEASIBLE
FW-093,SIZING_INFEASIBLE,COMPONENT_DATABASE_LIMITATION,,,1.328,1.328,9.5,9.5,NACA 4412,NACA 4412,,,,,NORMAL,NORMAL,Telemetry/payload database limitation error handled cleanly
FW-094,CONFIGURATION_INFEASIBLE,CONFIGURATION_INFEASIBLE,,,,,,,,,,,,,NORMAL,NORMAL,No changes. Sizing results identical.
FW-095,CONFIGURATION_INFEASIBLE,CONFIGURATION_INFEASIBLE,,,,,,,,,,,,,NORMAL,NORMAL,No changes. Sizing results identical.
FW-096,SIZING_INFEASIBLE,MTOW_LIMIT_EXCEEDED,,,3.9015,3.9015,8.2,8.2,Selig S1223,Selig S1223,Microhard PMDDL2450,Microhard PMDDL2450,,,NORMAL,NORMAL,Status changed from SIZING_INFEASIBLE to MTOW_LIMIT_EXCEEDED
FW-097,SUCCESS,SUCCESS,19.685,16.222,3.7051,3.3619,9.5,9.5,NACA 4412,NACA 4412,Silvus StreamCaster Lite,Silvus StreamCaster Lite,18.1,18.0,NORMAL,REVIEW,Verification status changed from Verified to VERIFIED due to strict aggregate rule checks; MTOW changed by -3.463 kg due to corrected battery continuous sizing or payload propagation; Review priority changed: NORMAL -> REVIEW (hardened classification)
FW-098,SIZING_INFEASIBLE,COMPONENT_DATABASE_LIMITATION,,,1.3961,1.3961,10.5,10.5,Clark Y,Clark Y,,,,,NORMAL,NORMAL,Telemetry/payload database limitation error handled cleanly
FW-099,VERIFICATION_FAILED,VERIFICATION_FAILED,20.92,20.92,3.5692,3.5692,8.2,8.2,Selig S1223,Selig S1223,RFDesign RFD900ux,RFDesign RFD900ux,61.4,61.4,NORMAL,NORMAL,No changes. Sizing results identical.
FW-100,SIZING_INFEASIBLE,SUCCESS,24.817,13.679,4.3606,3.2456,10.5,10.5,Clark Y,Clark Y,Silvus StreamCaster Lite,Silvus StreamCaster Lite,18.0,18.0,NORMAL,NORMAL,Status changed from SIZING_INFEASIBLE to SUCCESS; Verification status changed from N/A to VERIFIED due to strict aggregate rule checks; MTOW changed by -11.138 kg due to corrected battery continuous sizing or payload propagation
