case_id,original_status,baseline_classification,exact_failure_message
FW-001,PERFORMANCE_INFEASIBLE,true physical/mission infeasibility,"Flight performance validation error at iteration 1: Cruise speed (66.7 kmh) is below the minimum safe cruise speed boundary (72.7 kmh, representing a 20.0% safety margin above clean stall)."
FW-002,SIZING_INFEASIBLE,wing/fuselage coordination rejection,"Sizing engine validation error at iteration 1: Sized fuselage width (0.12 m) exceeds wing root chord (0.11 m), which causes extreme aerodynamic blockage and drag. Select a more slender fuselage profile."
FW-003,CONFIGURATION_INFEASIBLE,configuration false rejection,"Configuration selection failed: Low Wing configuration is incompatible with Belly Landing. Wings will strike the ground, causing structural damage. Select High or Parasol Wing."
FW-004,CONFIGURATION_INFEASIBLE,configuration false rejection,Configuration selection failed: Landing gear Skid is incompatible with Runway landing. Select Tricycle or Taildragger landing gear.
FW-005,PERFORMANCE_INFEASIBLE,true physical/mission infeasibility,"Flight performance validation error at iteration 1: Cruise speed (61.4 kmh) is below the minimum safe cruise speed boundary (70.6 kmh, representing a 20.0% safety margin above clean stall)."
FW-006,PERFORMANCE_INFEASIBLE,true physical/mission infeasibility,"Flight performance validation error at iteration 1: Cruise speed (70.7 kmh) is below the minimum safe cruise speed boundary (75.0 kmh, representing a 30.0% safety margin above clean stall)."
FW-007,SUCCESS,successful valid,
FW-008,SUCCESS,successful suspicious,
FW-009,SUCCESS,successful suspicious,
FW-010,COMPONENT_DATABASE_LIMITATION,catalog limitation,"Subsystem execution failed at iteration 1: COMPONENT_DATABASE_LIMITATION: Lightest available component of type 'RGB Camera' in database weighs 0.51 kg, which exceeds the maximum allowed structural payload limit of 0.40 kg."
FW-011,COMPONENT_DATABASE_LIMITATION,catalog limitation,"Subsystem execution failed at iteration 1: COMPONENT_DATABASE_LIMITATION: Lightest available component of type 'RGB Camera' in database weighs 0.51 kg, which exceeds the maximum allowed structural payload limit of 0.26 kg."
FW-012,CONFIGURATION_INFEASIBLE,configuration false rejection,Configuration selection failed: Landing gear Skid is incompatible with Runway landing. Select Tricycle or Taildragger landing gear.
FW-013,SUCCESS,successful valid,
FW-014,CONFIGURATION_INFEASIBLE,configuration false rejection,"Configuration selection failed: Low Wing configuration is incompatible with Belly Landing. Wings will strike the ground, causing structural damage. Select High or Parasol Wing."
FW-015,COMPONENT_DATABASE_LIMITATION,catalog limitation,"Subsystem execution failed at iteration 1: COMPONENT_DATABASE_LIMITATION: Lightest available component of type 'RGB Camera' in database weighs 0.51 kg, which exceeds the maximum allowed structural payload limit of 0.27 kg."
FW-016,SUCCESS,successful valid,
FW-017,PERFORMANCE_INFEASIBLE,true physical/mission infeasibility,"Flight performance validation error at iteration 1: Cruise speed (66.7 kmh) is below the minimum safe cruise speed boundary (74.6 kmh, representing a 30.0% safety margin above clean stall)."
FW-018,PERFORMANCE_INFEASIBLE,true physical/mission infeasibility,"Flight performance validation error at iteration 1: Cruise speed (60.9 kmh) is below the minimum safe cruise speed boundary (69.2 kmh, representing a 30.0% safety margin above clean stall)."
FW-019,PERFORMANCE_INFEASIBLE,true physical/mission infeasibility,"Flight performance validation error at iteration 1: Cruise speed (77.3 kmh) is below the minimum safe cruise speed boundary (79.8 kmh, representing a 20.0% safety margin above clean stall)."
FW-020,COMPONENT_DATABASE_LIMITATION,catalog limitation,"Subsystem execution failed at iteration 1: COMPONENT_DATABASE_LIMITATION: Lightest available component of type 'RGB Camera' in database weighs 0.51 kg, which exceeds the maximum allowed structural payload limit of 0.50 kg."
FW-021,COMPONENT_DATABASE_LIMITATION,catalog limitation,"Subsystem execution failed at iteration 1: COMPONENT_DATABASE_LIMITATION: Lightest available component of type 'Scientific Instruments' in database weighs 1.80 kg, which exceeds the maximum allowed structural payload limit of 1.45 kg."
FW-022,COMPONENT_DATABASE_LIMITATION,catalog limitation,Subsystem execution failed at iteration 1: COMPONENT_DATABASE_LIMITATION: Required communication range (88.70 km) exceeds the maximum range available in the telemetry catalog (80.00 km).
FW-023,CONFIGURATION_INFEASIBLE,configuration false rejection,Configuration selection failed: Landing gear Skid is incompatible with Runway landing. Select Tricycle or Taildragger landing gear.
FW-024,SIZING_INFEASIBLE,wing/fuselage coordination rejection,"Sizing engine validation error at iteration 1: Sized fuselage width (0.25 m) exceeds wing root chord (0.22 m), which causes extreme aerodynamic blockage and drag. Select a more slender fuselage profile."
FW-025,SIZING_INFEASIBLE,wing/fuselage coordination rejection,"Sizing engine validation error at iteration 1: Sized fuselage width (0.16 m) exceeds wing root chord (0.14 m), which causes extreme aerodynamic blockage and drag. Select a more slender fuselage profile."
FW-026,SIZING_INFEASIBLE,wing/fuselage coordination rejection,"Sizing engine validation error at iteration 1: Sized fuselage width (0.17 m) exceeds wing root chord (0.15 m), which causes extreme aerodynamic blockage and drag. Select a more slender fuselage profile."
FW-027,CONFIGURATION_INFEASIBLE,configuration false rejection,Configuration selection failed: Landing gear Skid is incompatible with Runway landing. Select Tricycle or Taildragger landing gear.
FW-028,COMPONENT_DATABASE_LIMITATION,catalog limitation,Subsystem execution failed at iteration 1: COMPONENT_DATABASE_LIMITATION: Required communication range (97.70 km) exceeds the maximum range available in the telemetry catalog (80.00 km).
FW-029,COMPONENT_DATABASE_LIMITATION,catalog limitation,"Subsystem execution failed at iteration 1: COMPONENT_DATABASE_LIMITATION: Lightest available component of type 'Scientific Instruments' in database weighs 1.80 kg, which exceeds the maximum allowed structural payload limit of 1.78 kg."
FW-030,SIZING_INFEASIBLE,wing/fuselage coordination rejection,"Sizing engine validation error at iteration 1: Sized fuselage width (0.23 m) exceeds wing root chord (0.20 m), which causes extreme aerodynamic blockage and drag. Select a more slender fuselage profile."
FW-031,CONFIGURATION_INFEASIBLE,configuration false rejection,Configuration selection failed: Landing gear Skid is incompatible with Runway landing. Select Tricycle or Taildragger landing gear.
FW-032,SIZING_INFEASIBLE,wing/fuselage coordination rejection,"Sizing engine validation error at iteration 1: Sized fuselage width (0.19 m) exceeds wing root chord (0.17 m), which causes extreme aerodynamic blockage and drag. Select a more slender fuselage profile."
FW-033,MTOW_LIMIT_EXCEEDED,true physical/mission infeasibility,Mass validation error at iteration 8: Calculated takeoff weight (25.63 kg) exceeds maximum takeoff weight limit constraint (25.00 kg).
FW-034,SIZING_INFEASIBLE,wing/fuselage coordination rejection,"Sizing engine validation error at iteration 1: Sized fuselage width (0.20 m) exceeds wing root chord (0.17 m), which causes extreme aerodynamic blockage and drag. Select a more slender fuselage profile."
FW-035,SIZING_INFEASIBLE,wing/fuselage coordination rejection,"Sizing engine validation error at iteration 1: Sized fuselage width (0.23 m) exceeds wing root chord (0.20 m), which causes extreme aerodynamic blockage and drag. Select a more slender fuselage profile."
FW-036,SIZING_INFEASIBLE,wing/fuselage coordination rejection,"Sizing engine validation error at iteration 1: Sized fuselage width (0.20 m) exceeds wing root chord (0.18 m), which causes extreme aerodynamic blockage and drag. Select a more slender fuselage profile."
FW-037,SIZING_INFEASIBLE,wing/fuselage coordination rejection,"Sizing engine validation error at iteration 1: Sized fuselage width (0.26 m) exceeds wing root chord (0.23 m), which causes extreme aerodynamic blockage and drag. Select a more slender fuselage profile."
FW-038,COMPONENT_DATABASE_LIMITATION,catalog limitation,"Subsystem execution failed at iteration 1: COMPONENT_DATABASE_LIMITATION: Lightest available component of type 'Scientific Instruments' in database weighs 1.80 kg, which exceeds the maximum allowed structural payload limit of 1.64 kg."
FW-039,INVALID_REQUIREMENTS,true physical/mission infeasibility,Mission processing failed: Mission range (118.5 km) is physically inconsistent with cruise speed (93.9 km/h) and flight time (50.2 min). Max theoretical range is 78.6 km.
FW-040,CONFIGURATION_INFEASIBLE,configuration false rejection,Configuration selection failed: Landing gear Skid is incompatible with Runway landing. Select Tricycle or Taildragger landing gear.
FW-041,CONFIGURATION_INFEASIBLE,configuration false rejection,Configuration selection failed: Landing gear Skid is incompatible with Runway landing. Select Tricycle or Taildragger landing gear.
FW-042,CONFIGURATION_INFEASIBLE,configuration false rejection,Configuration selection failed: Landing gear Skid is incompatible with Runway landing. Select Tricycle or Taildragger landing gear.
FW-043,COMPONENT_DATABASE_LIMITATION,catalog limitation,Subsystem execution failed at iteration 1: COMPONENT_DATABASE_LIMITATION: Required communication range (100.70 km) exceeds the maximum range available in the telemetry catalog (80.00 km).
FW-044,SIZING_INFEASIBLE,wing/fuselage coordination rejection,"Sizing engine validation error at iteration 1: Sized fuselage width (0.27 m) exceeds wing root chord (0.23 m), which causes extreme aerodynamic blockage and drag. Select a more slender fuselage profile."
FW-045,MTOW_LIMIT_EXCEEDED,true physical/mission infeasibility,Mass validation error at iteration 10: Calculated takeoff weight (25.34 kg) exceeds maximum takeoff weight limit constraint (25.00 kg).
FW-046,SIZING_INFEASIBLE,wing/fuselage coordination rejection,"Sizing engine validation error at iteration 1: Sized fuselage width (0.33 m) exceeds wing root chord (0.29 m), which causes extreme aerodynamic blockage and drag. Select a more slender fuselage profile."
FW-047,CONFIGURATION_INFEASIBLE,configuration false rejection,Configuration selection failed: Landing gear Skid is incompatible with Runway landing. Select Tricycle or Taildragger landing gear.
FW-048,SIZING_INFEASIBLE,wing/fuselage coordination rejection,"Sizing engine validation error at iteration 1: Sized fuselage width (0.36 m) exceeds wing root chord (0.32 m), which causes extreme aerodynamic blockage and drag. Select a more slender fuselage profile."
FW-049,CONFIGURATION_INFEASIBLE,configuration false rejection,Configuration selection failed: Landing gear Skid is incompatible with Runway landing. Select Tricycle or Taildragger landing gear.
FW-050,COMPONENT_DATABASE_LIMITATION,catalog limitation,Subsystem execution failed at iteration 1: COMPONENT_DATABASE_LIMITATION: Required communication range (100.40 km) exceeds the maximum range available in the telemetry catalog (80.00 km).
FW-051,COMPONENT_DATABASE_LIMITATION,catalog limitation,Subsystem execution failed at iteration 1: COMPONENT_DATABASE_LIMITATION: Required communication range (111.10 km) exceeds the maximum range available in the telemetry catalog (80.00 km).
FW-052,SIZING_INFEASIBLE,wing/fuselage coordination rejection,"Sizing engine validation error at iteration 1: Sized fuselage width (0.37 m) exceeds wing root chord (0.33 m), which causes extreme aerodynamic blockage and drag. Select a more slender fuselage profile."
FW-053,COMPONENT_DATABASE_LIMITATION,catalog limitation,Subsystem execution failed at iteration 1: COMPONENT_DATABASE_LIMITATION: Required communication range (112.90 km) exceeds the maximum range available in the telemetry catalog (80.00 km).
FW-054,CONFIGURATION_INFEASIBLE,configuration false rejection,Configuration selection failed: Landing gear Skid is incompatible with Runway landing. Select Tricycle or Taildragger landing gear.
FW-055,CONFIGURATION_INFEASIBLE,configuration false rejection,Configuration selection failed: Landing gear Skid is incompatible with Runway landing. Select Tricycle or Taildragger landing gear.
FW-056,SIZING_INFEASIBLE,wing/fuselage coordination rejection,"Sizing engine validation error at iteration 1: Sized fuselage width (0.34 m) exceeds wing root chord (0.30 m), which causes extreme aerodynamic blockage and drag. Select a more slender fuselage profile."
FW-057,CONFIGURATION_INFEASIBLE,configuration false rejection,Configuration selection failed: Landing gear Skid is incompatible with Runway landing. Select Tricycle or Taildragger landing gear.
FW-058,MTOW_LIMIT_EXCEEDED,true physical/mission infeasibility,Mass validation error at iteration 3: Calculated takeoff weight (25.57 kg) exceeds maximum takeoff weight limit constraint (25.00 kg).
FW-059,COMPONENT_DATABASE_LIMITATION,catalog limitation,Subsystem execution failed at iteration 1: COMPONENT_DATABASE_LIMITATION: Required communication range (194.60 km) exceeds the maximum range available in the telemetry catalog (80.00 km).
FW-060,COMPONENT_DATABASE_LIMITATION,catalog limitation,Subsystem execution failed at iteration 1: COMPONENT_DATABASE_LIMITATION: Required communication range (186.20 km) exceeds the maximum range available in the telemetry catalog (80.00 km).
FW-061,CONFIGURATION_INFEASIBLE,configuration false rejection,Configuration selection failed: Landing gear Skid is incompatible with Runway landing. Select Tricycle or Taildragger landing gear.
FW-062,CONFIGURATION_INFEASIBLE,configuration false rejection,Configuration selection failed: Landing gear Skid is incompatible with Runway landing. Select Tricycle or Taildragger landing gear.
FW-063,COMPONENT_DATABASE_LIMITATION,catalog limitation,Subsystem execution failed at iteration 1: COMPONENT_DATABASE_LIMITATION: Required communication range (156.10 km) exceeds the maximum range available in the telemetry catalog (80.00 km).
FW-064,CONFIGURATION_INFEASIBLE,configuration false rejection,Configuration selection failed: Landing gear Skid is incompatible with Runway landing. Select Tricycle or Taildragger landing gear.
FW-065,COMPONENT_DATABASE_LIMITATION,catalog limitation,Subsystem execution failed at iteration 1: COMPONENT_DATABASE_LIMITATION: Required communication range (124.10 km) exceeds the maximum range available in the telemetry catalog (80.00 km).
FW-066,COMPONENT_DATABASE_LIMITATION,catalog limitation,Subsystem execution failed at iteration 1: COMPONENT_DATABASE_LIMITATION: Required communication range (96.70 km) exceeds the maximum range available in the telemetry catalog (80.00 km).
FW-067,COMPONENT_DATABASE_LIMITATION,catalog limitation,Subsystem execution failed at iteration 1: COMPONENT_DATABASE_LIMITATION: Required communication range (112.90 km) exceeds the maximum range available in the telemetry catalog (80.00 km).
FW-068,MTOW_LIMIT_EXCEEDED,true physical/mission infeasibility,Mass validation error at iteration 1: Calculated takeoff weight (40.16 kg) exceeds maximum takeoff weight limit constraint (25.00 kg).
FW-069,MTOW_LIMIT_EXCEEDED,true physical/mission infeasibility,Mass validation error at iteration 1: Calculated takeoff weight (32.64 kg) exceeds maximum takeoff weight limit constraint (25.00 kg).
FW-070,COMPONENT_DATABASE_LIMITATION,catalog limitation,Subsystem execution failed at iteration 1: COMPONENT_DATABASE_LIMITATION: Required communication range (94.30 km) exceeds the maximum range available in the telemetry catalog (80.00 km).
FW-071,COMPONENT_DATABASE_LIMITATION,catalog limitation,Subsystem execution failed at iteration 1: COMPONENT_DATABASE_LIMITATION: Required communication range (121.20 km) exceeds the maximum range available in the telemetry catalog (80.00 km).
FW-072,INVALID_REQUIREMENTS,true physical/mission infeasibility,Mission processing failed: Mission range (115.0 km) is physically inconsistent with cruise speed (72.3 km/h) and flight time (62.1 min). Max theoretical range is 74.8 km.
FW-073,COMPONENT_DATABASE_LIMITATION,catalog limitation,Subsystem execution failed at iteration 1: COMPONENT_DATABASE_LIMITATION: Required communication range (134.20 km) exceeds the maximum range available in the telemetry catalog (80.00 km).
FW-074,COMPONENT_DATABASE_LIMITATION,catalog limitation,Subsystem execution failed at iteration 1: COMPONENT_DATABASE_LIMITATION: Required communication range (145.90 km) exceeds the maximum range available in the telemetry catalog (80.00 km).
FW-075,INVALID_REQUIREMENTS,true physical/mission infeasibility,Mission processing failed: Mission range (105.5 km) is physically inconsistent with cruise speed (77.5 km/h) and flight time (52.2 min). Max theoretical range is 67.4 km.
FW-076,COMPONENT_DATABASE_LIMITATION,catalog limitation,Subsystem execution failed at iteration 1: COMPONENT_DATABASE_LIMITATION: Required communication range (97.00 km) exceeds the maximum range available in the telemetry catalog (80.00 km).
FW-077,COMPONENT_DATABASE_LIMITATION,catalog limitation,Subsystem execution failed at iteration 1: COMPONENT_DATABASE_LIMITATION: Required communication range (83.10 km) exceeds the maximum range available in the telemetry catalog (80.00 km).
FW-078,MTOW_LIMIT_EXCEEDED,true physical/mission infeasibility,Mass validation error at iteration 1: Calculated takeoff weight (53.51 kg) exceeds maximum takeoff weight limit constraint (25.00 kg).
FW-079,VERIFICATION_FAILED,verification-threshold false rejection,Verification execution error: Design compliance score (88.0%) is below the minimum required safety compliance boundary (90.0%).
FW-080,MTOW_LIMIT_EXCEEDED,true physical/mission infeasibility,Mass validation error at iteration 1: Calculated takeoff weight (27.74 kg) exceeds maximum takeoff weight limit constraint (25.00 kg).
FW-081,SIZING_INFEASIBLE,wing/fuselage coordination rejection,"Sizing engine validation error at iteration 1: Sized fuselage width (0.28 m) exceeds wing root chord (0.25 m), which causes extreme aerodynamic blockage and drag. Select a more slender fuselage profile."
FW-082,COMPONENT_DATABASE_LIMITATION,catalog limitation,Subsystem execution failed at iteration 1: COMPONENT_DATABASE_LIMITATION: Required communication range (161.50 km) exceeds the maximum range available in the telemetry catalog (80.00 km).
FW-083,COMPONENT_DATABASE_LIMITATION,catalog limitation,Subsystem execution failed at iteration 1: COMPONENT_DATABASE_LIMITATION: Required communication range (200.10 km) exceeds the maximum range available in the telemetry catalog (80.00 km).
FW-084,SIZING_INFEASIBLE,wing/fuselage coordination rejection,"Sizing engine validation error at iteration 1: Sized fuselage width (0.34 m) exceeds wing root chord (0.30 m), which causes extreme aerodynamic blockage and drag. Select a more slender fuselage profile."
FW-085,COMPONENT_DATABASE_LIMITATION,catalog limitation,Subsystem execution failed at iteration 1: COMPONENT_DATABASE_LIMITATION: Required communication range (136.30 km) exceeds the maximum range available in the telemetry catalog (80.00 km).
FW-086,SIZING_INFEASIBLE,wing/fuselage coordination rejection,"Sizing engine validation error at iteration 1: Sized fuselage width (0.15 m) exceeds wing root chord (0.14 m), which causes extreme aerodynamic blockage and drag. Select a more slender fuselage profile."
FW-087,COMPONENT_DATABASE_LIMITATION,catalog limitation,Subsystem execution failed at iteration 1: COMPONENT_DATABASE_LIMITATION: Required communication range (254.50 km) exceeds the maximum range available in the telemetry catalog (80.00 km).
FW-088,CONFIGURATION_INFEASIBLE,configuration false rejection,Configuration selection failed: Landing gear Skid is incompatible with Runway landing. Select Tricycle or Taildragger landing gear.
FW-089,COMPONENT_DATABASE_LIMITATION,catalog limitation,Subsystem execution failed at iteration 1: COMPONENT_DATABASE_LIMITATION: Required communication range (226.00 km) exceeds the maximum range available in the telemetry catalog (80.00 km).
FW-090,CONFIGURATION_INFEASIBLE,configuration false rejection,Configuration selection failed: Landing gear Skid is incompatible with Runway landing. Select Tricycle or Taildragger landing gear.
FW-091,INVALID_REQUIREMENTS,true physical/mission infeasibility,Mission processing failed: Stall speed target (45.0 km/h) must be less than cruise speed (40.0 km/h)
FW-092,PROPULSION_INFEASIBLE,catalog limitation,Propulsion component selection error at iteration 1: Takeoff thrust-to-weight ratio (0.24) is below minimum required constraint limit (0.30).; Selected motor maximum power (4101.4 W) is insufficient to sustain the power required during steady rate of climb (5669.6 W).
FW-093,COMPONENT_DATABASE_LIMITATION,catalog limitation,Subsystem execution failed at iteration 1: COMPONENT_DATABASE_LIMITATION: Required communication range (150.00 km) exceeds the maximum range available in the telemetry catalog (80.00 km).
FW-094,CONFIGURATION_INFEASIBLE,configuration false rejection,Configuration selection failed: Landing gear Skid is incompatible with Runway landing. Select Tricycle or Taildragger landing gear.
FW-095,CONFIGURATION_INFEASIBLE,configuration false rejection,Configuration selection failed: Landing gear Skid is incompatible with Runway landing. Select Tricycle or Taildragger landing gear.
FW-096,MTOW_LIMIT_EXCEEDED,true physical/mission infeasibility,Mass validation error at iteration 1: Calculated takeoff weight (26.02 kg) exceeds maximum takeoff weight limit constraint (25.00 kg).
FW-097,SUCCESS,successful valid,
FW-098,COMPONENT_DATABASE_LIMITATION,catalog limitation,Subsystem execution failed at iteration 1: COMPONENT_DATABASE_LIMITATION: Required communication range (150.00 km) exceeds the maximum range available in the telemetry catalog (80.00 km).
FW-099,VERIFICATION_FAILED,verification-threshold false rejection,Verification execution error: Design compliance score (88.0%) is below the minimum required safety compliance boundary (90.0%).
FW-100,SUCCESS,successful valid,
