case_id,status,candidates_generated,candidates_rejected,payload_layout,battery_layout,battery_orientation,electronics_layout,payload_x_m,battery_x_m,gps_x_m,overlap_violation,emi_violation,score
FW-001,SUCCESS,36,12,Forward,Mid,Longitudinal,Side Mounted,0.194,0.312,0.432,NO,NO,-0.8935
FW-002,SUCCESS,36,12,Forward,Mid,Longitudinal,Side Mounted,0.194,0.312,0.432,NO,NO,-0.8935
FW-003,SUCCESS,36,12,Forward,Mid,Longitudinal,Side Mounted,0.194,0.312,0.432,NO,NO,-0.8935
FW-004,SUCCESS,36,12,Forward,Mid,Longitudinal,Side Mounted,0.194,0.312,0.432,NO,NO,-0.8935
FW-005,SUCCESS,36,12,Forward,Mid,Longitudinal,Side Mounted,0.194,0.312,0.432,NO,NO,-0.8935
FW-006,SUCCESS,36,12,Forward,Mid,Longitudinal,Side Mounted,0.194,0.312,0.432,NO,NO,-0.8935
FW-007,SUCCESS,36,12,Forward,Mid,Longitudinal,Side Mounted,0.194,0.312,0.432,NO,NO,-0.8935
FW-008,SUCCESS,36,12,Forward,Mid,Longitudinal,Side Mounted,0.194,0.312,0.432,NO,NO,-0.8935
FW-009,SUCCESS,36,12,Forward,Mid,Longitudinal,Side Mounted,0.194,0.312,0.432,NO,NO,-0.8935
FW-010,SUCCESS,36,12,Forward,Mid,Longitudinal,Side Mounted,0.194,0.312,0.432,NO,NO,-0.8935
FW-011,SUCCESS,36,12,Forward,Mid,Longitudinal,Side Mounted,0.194,0.312,0.432,NO,NO,-0.8935
FW-012,SUCCESS,36,12,Forward,Mid,Longitudinal,Side Mounted,0.194,0.312,0.432,NO,NO,-0.8935
FW-013,SUCCESS,36,12,Forward,Mid,Longitudinal,Side Mounted,0.194,0.312,0.432,NO,NO,-0.8935
FW-014,SUCCESS,36,12,Forward,Mid,Longitudinal,Side Mounted,0.194,0.312,0.432,NO,NO,-0.8935
FW-015,SUCCESS,36,12,Forward,Mid,Longitudinal,Side Mounted,0.194,0.312,0.432,NO,NO,-0.8935
FW-016,SUCCESS,36,12,Forward,Mid,Longitudinal,Side Mounted,0.194,0.312,0.432,NO,NO,-0.8935
FW-017,SUCCESS,36,12,Forward,Mid,Longitudinal,Side Mounted,0.194,0.312,0.432,NO,NO,-0.8935
FW-018,SUCCESS,36,12,Forward,Mid,Longitudinal,Side Mounted,0.194,0.312,0.432,NO,NO,-0.8935
FW-019,SUCCESS,36,12,Forward,Mid,Longitudinal,Side Mounted,0.194,0.312,0.432,NO,NO,-0.8935
FW-020,SUCCESS,36,12,Forward,Mid,Longitudinal,Side Mounted,0.194,0.312,0.432,NO,NO,-0.8935
FW-021,SUCCESS,36,12,Forward,Mid,Longitudinal,Side Mounted,0.25,0.401,0.521,NO,NO,-0.8935
FW-022,SUCCESS,36,12,Forward,Mid,Longitudinal,Side Mounted,0.219,0.351,0.471,NO,NO,-0.8935
FW-023,SUCCESS,36,0,Forward,Mid,Longitudinal,Side Mounted,0.328,0.526,0.646,NO,NO,-0.8935
FW-024,SUCCESS,36,0,Forward,Mid,Longitudinal,Side Mounted,0.469,0.752,0.872,NO,NO,-0.8935
FW-025,SUCCESS,36,12,Forward,Mid,Longitudinal,Side Mounted,0.201,0.324,0.444,NO,NO,-0.8935
FW-026,SUCCESS,36,12,Forward,Mid,Longitudinal,Side Mounted,0.207,0.332,0.452,NO,NO,-0.8935
FW-027,SUCCESS,36,0,Forward,Mid,Longitudinal,Side Mounted,0.374,0.601,0.721,NO,NO,-0.8935
FW-028,SUCCESS,36,0,Forward,Mid,Longitudinal,Side Mounted,0.297,0.476,0.596,NO,NO,-0.8935
FW-029,SUCCESS,36,0,Forward,Mid,Longitudinal,Side Mounted,0.309,0.496,0.616,NO,NO,-0.8935
FW-030,SUCCESS,36,0,Forward,Mid,Longitudinal,Side Mounted,0.384,0.616,0.736,NO,NO,-0.8935
FW-031,SUCCESS,36,0,Forward,Mid,Longitudinal,Side Mounted,0.404,0.647,0.767,NO,NO,-0.8935
FW-032,SUCCESS,36,0,Forward,Mid,Longitudinal,Side Mounted,0.282,0.453,0.573,NO,NO,-0.8935
FW-033,SUCCESS,36,12,Forward,Mid,Longitudinal,Side Mounted,0.194,0.312,0.432,NO,NO,-0.8935
FW-034,SUCCESS,36,0,Forward,Mid,Longitudinal,Side Mounted,0.294,0.472,0.592,NO,NO,-0.8935
FW-035,SUCCESS,36,0,Forward,Mid,Longitudinal,Side Mounted,0.386,0.62,0.74,NO,NO,-0.8935
FW-036,SUCCESS,36,0,Forward,Mid,Longitudinal,Side Mounted,0.301,0.484,0.604,NO,NO,-0.8935
FW-037,SUCCESS,36,0,Forward,Mid,Longitudinal,Side Mounted,0.496,0.795,0.915,NO,NO,-0.8935
FW-038,SUCCESS,36,0,Forward,Mid,Longitudinal,Side Mounted,0.285,0.457,0.577,NO,NO,-0.8935
FW-039,SUCCESS,36,0,Forward,Mid,Longitudinal,Side Mounted,0.394,0.632,0.752,NO,NO,-0.8935
FW-040,SUCCESS,36,0,Forward,Mid,Longitudinal,Side Mounted,0.51,0.819,0.939,NO,NO,-0.8935
FW-041,SUCCESS,36,0,Forward,Mid,Longitudinal,Side Mounted,0.41,0.659,0.779,NO,NO,-0.8935
FW-042,SUCCESS,36,12,Forward,Mid,Longitudinal,Side Mounted,0.25,0.401,0.521,NO,NO,-0.8935
FW-043,SUCCESS,36,0,Forward,Mid,Longitudinal,Side Mounted,0.258,0.413,0.533,NO,NO,-0.8935
FW-044,SUCCESS,36,0,Forward,Mid,Longitudinal,Side Mounted,0.532,0.854,0.974,NO,NO,-0.8935
FW-045,SUCCESS,36,12,Forward,Mid,Longitudinal,Side Mounted,0.236,0.378,0.498,NO,NO,-0.8935
FW-046,SUCCESS,36,0,Forward,Mid,Longitudinal,Side Mounted,0.826,1.326,1.446,NO,NO,-0.8935
FW-047,SUCCESS,36,0,Forward,Mid,Longitudinal,Side Mounted,0.851,1.365,1.485,NO,NO,-0.8935
FW-048,SUCCESS,36,0,Forward,Mid,Longitudinal,Side Mounted,0.851,1.365,1.485,NO,NO,-0.8935
FW-049,SUCCESS,36,0,Forward,Mid,Longitudinal,Side Mounted,0.736,1.181,1.301,NO,NO,-0.8935
FW-050,SUCCESS,36,0,Forward,Mid,Longitudinal,Side Mounted,0.717,1.151,1.271,NO,NO,-0.8935
FW-051,SUCCESS,36,0,Forward,Mid,Longitudinal,Side Mounted,0.593,0.952,1.071,NO,NO,-0.8935
FW-052,SUCCESS,36,0,Forward,Mid,Longitudinal,Side Mounted,0.851,1.365,1.485,NO,NO,-0.8935
FW-053,SUCCESS,36,0,Forward,Mid,Longitudinal,Side Mounted,0.851,1.365,1.485,NO,NO,-0.8935
FW-054,SUCCESS,36,0,Forward,Mid,Longitudinal,Side Mounted,0.831,1.334,1.454,NO,NO,-0.8935
FW-055,SUCCESS,36,0,Forward,Mid,Longitudinal,Side Mounted,0.851,1.365,1.485,NO,NO,-0.8935
FW-056,SUCCESS,36,0,Forward,Mid,Longitudinal,Side Mounted,0.851,1.365,1.485,NO,NO,-0.8935
FW-057,SUCCESS,36,0,Forward,Mid,Longitudinal,Side Mounted,0.586,0.94,1.06,NO,NO,-0.8935
FW-058,SUCCESS,36,0,Forward,Mid,Longitudinal,Side Mounted,0.659,1.057,1.177,NO,NO,-0.8935
FW-059,SUCCESS,36,0,Forward,Mid,Longitudinal,Side Mounted,0.851,1.365,1.485,NO,NO,-0.8935
FW-060,SUCCESS,36,0,Forward,Mid,Longitudinal,Side Mounted,0.851,1.365,1.485,NO,NO,-0.8935
FW-061,SUCCESS,36,0,Forward,Mid,Longitudinal,Side Mounted,0.622,0.998,1.119,NO,NO,-0.8935
FW-062,SUCCESS,36,0,Forward,Mid,Longitudinal,Side Mounted,0.598,0.96,1.079,NO,NO,-0.8935
FW-063,SUCCESS,36,0,Forward,Mid,Longitudinal,Side Mounted,0.851,1.365,1.485,NO,NO,-0.8935
FW-064,SUCCESS,36,0,Forward,Mid,Longitudinal,Side Mounted,0.741,1.19,1.309,NO,NO,-0.8935
FW-065,SUCCESS,36,0,Forward,Mid,Longitudinal,Side Mounted,0.792,1.272,1.392,NO,NO,-0.8935
FW-066,SUCCESS,36,0,Forward,Mid,Longitudinal,Side Mounted,0.851,1.365,1.485,NO,NO,-0.8935
FW-067,SUCCESS,36,0,Forward,Mid,Longitudinal,Side Mounted,0.851,1.365,1.485,NO,NO,-0.8935
FW-068,SUCCESS,36,0,Forward,Mid,Longitudinal,Side Mounted,0.851,1.365,1.485,NO,NO,-0.8935
FW-069,SUCCESS,36,0,Forward,Mid,Longitudinal,Side Mounted,0.851,1.365,1.485,NO,NO,-0.8935
FW-070,SUCCESS,36,0,Forward,Mid,Longitudinal,Side Mounted,0.851,1.365,1.485,NO,NO,-0.8935
FW-071,SUCCESS,36,0,Forward,Mid,Longitudinal,Side Mounted,0.851,1.365,1.485,NO,NO,-0.8935
FW-072,SUCCESS,36,0,Forward,Mid,Longitudinal,Side Mounted,0.851,1.365,1.485,NO,NO,-0.8935
FW-073,SUCCESS,36,0,Forward,Mid,Longitudinal,Side Mounted,0.851,1.365,1.485,NO,NO,-0.8935
FW-074,SUCCESS,36,0,Forward,Mid,Longitudinal,Side Mounted,0.851,1.365,1.485,NO,NO,-0.8935
FW-075,SUCCESS,36,0,Forward,Mid,Longitudinal,Side Mounted,0.851,1.365,1.485,NO,NO,-0.8935
FW-076,SUCCESS,36,0,Forward,Mid,Longitudinal,Side Mounted,0.851,1.365,1.485,NO,NO,-0.8935
FW-077,SUCCESS,36,0,Forward,Mid,Longitudinal,Side Mounted,0.851,1.365,1.485,NO,NO,-0.8935
FW-078,SUCCESS,36,0,Forward,Mid,Longitudinal,Side Mounted,0.851,1.365,1.485,NO,NO,-0.8935
FW-079,SUCCESS,36,0,Forward,Mid,Longitudinal,Side Mounted,0.851,1.365,1.485,NO,NO,-0.8935
FW-080,SUCCESS,36,0,Forward,Mid,Longitudinal,Side Mounted,0.851,1.365,1.485,NO,NO,-0.8935
FW-081,SUCCESS,36,0,Forward,Mid,Longitudinal,Side Mounted,0.602,0.967,1.087,NO,NO,-0.8935
FW-082,SUCCESS,36,12,Forward,Mid,Longitudinal,Side Mounted,0.228,0.367,0.487,NO,NO,-0.8935
FW-083,SUCCESS,36,0,Forward,Mid,Longitudinal,Side Mounted,0.851,1.365,1.485,NO,NO,-0.8935
FW-084,SUCCESS,36,0,Forward,Mid,Longitudinal,Side Mounted,0.851,1.365,1.485,NO,NO,-0.8935
FW-085,SUCCESS,36,0,Forward,Mid,Longitudinal,Side Mounted,0.841,1.349,1.47,NO,NO,-0.8935
FW-086,SUCCESS,36,12,Forward,Mid,Longitudinal,Side Mounted,0.194,0.312,0.432,NO,NO,-0.8935
FW-087,SUCCESS,36,12,Forward,Mid,Longitudinal,Side Mounted,0.194,0.312,0.432,NO,NO,-0.8935
FW-088,SUCCESS,36,0,Forward,Mid,Longitudinal,Side Mounted,0.71,1.139,1.259,NO,NO,-0.8935
FW-089,SUCCESS,36,12,Forward,Mid,Longitudinal,Side Mounted,0.194,0.312,0.432,NO,NO,-0.8935
FW-090,SUCCESS,36,12,Forward,Mid,Longitudinal,Side Mounted,0.194,0.312,0.432,NO,NO,-0.8935
FW-091,SUCCESS,36,12,Forward,Mid,Longitudinal,Side Mounted,0.194,0.312,0.432,NO,NO,-0.8935
FW-092,SUCCESS,36,0,Forward,Mid,Longitudinal,Side Mounted,0.851,1.365,1.485,NO,NO,-0.8935
FW-093,SUCCESS,36,12,Forward,Mid,Longitudinal,Side Mounted,0.194,0.312,0.432,NO,NO,-0.8935
FW-094,SUCCESS,36,0,Forward,Mid,Longitudinal,Side Mounted,0.273,0.437,0.557,NO,NO,-0.8935
FW-095,SUCCESS,36,0,Forward,Mid,Longitudinal,Side Mounted,0.365,0.585,0.705,NO,NO,-0.8935
FW-096,SUCCESS,36,0,Forward,Mid,Longitudinal,Side Mounted,0.851,1.365,1.485,NO,NO,-0.8935
FW-097,SUCCESS,36,0,Forward,Mid,Longitudinal,Side Mounted,0.547,0.877,0.997,NO,NO,-0.8935
FW-098,SUCCESS,36,12,Forward,Mid,Longitudinal,Side Mounted,0.194,0.312,0.432,NO,NO,-0.8935
FW-099,SUCCESS,36,0,Forward,Mid,Longitudinal,Side Mounted,0.851,1.365,1.485,NO,NO,-0.8935
FW-100,SUCCESS,36,0,Forward,Mid,Longitudinal,Side Mounted,0.851,1.365,1.485,NO,NO,-0.8935
