case_id,category,convergence,cert_status,cert_score,rules_total,rules_passed,rules_failed,rules_warned,recommendations,mtow_kg,wing_area_m2,static_margin,compliance_CG,compliance_Certification,compliance_Electrical,compliance_Fuselage,compliance_Geometry,compliance_Manufacturing,compliance_Mass,compliance_Mission,compliance_Propulsion,compliance_Safety,compliance_Tail,compliance_Wing
FW-C-001,Long Endurance,FAIL,NO_FEASIBLE_DESIGN,0.0,0,0,0,0,Optimization engine was unable to synthesize a feasible candidate aircraft configuration.,0.0,0.0,0.0,,,,,,,,,,,,
FW-C-002,Long Endurance,FAIL,NO_FEASIBLE_DESIGN,0.0,0,0,0,0,Optimization engine was unable to synthesize a feasible candidate aircraft configuration.,0.0,0.0,0.0,,,,,,,,,,,,
FW-C-003,Mapping,OK,CERTIFIED,100.0,14,14,0,0,No recommendations. Design is fully compliant.,8.81,0.5553,0.15,Compliant,Compliant,Compliant,Compliant,Compliant,Compliant,Compliant,Compliant,Compliant,Compliant,Compliant,Compliant
FW-C-004,Survey,OK,CERTIFIED,100.0,14,14,0,0,No recommendations. Design is fully compliant.,8.6,0.4969,0.151,Compliant,Compliant,Compliant,Compliant,Compliant,Compliant,Compliant,Compliant,Compliant,Compliant,Compliant,Compliant
FW-C-005,Cargo,FAIL,NO_FEASIBLE_DESIGN,0.0,0,0,0,0,Optimization engine was unable to synthesize a feasible candidate aircraft configuration.,0.0,0.0,0.0,,,,,,,,,,,,
FW-C-006,Cargo,FAIL,NO_FEASIBLE_DESIGN,0.0,0,0,0,0,Optimization engine was unable to synthesize a feasible candidate aircraft configuration.,0.0,0.0,0.0,,,,,,,,,,,,
FW-C-007,Survey,FAIL,NO_FEASIBLE_DESIGN,0.0,0,0,0,0,Optimization engine was unable to synthesize a feasible candidate aircraft configuration.,0.0,0.0,0.0,,,,,,,,,,,,
FW-C-008,Mapping,OK,CERTIFIED,100.0,14,14,0,0,No recommendations. Design is fully compliant.,8.69,0.5347,0.148,Compliant,Compliant,Compliant,Compliant,Compliant,Compliant,Compliant,Compliant,Compliant,Compliant,Compliant,Compliant
FW-C-009,Cargo,FAIL,NO_FEASIBLE_DESIGN,0.0,0,0,0,0,Optimization engine was unable to synthesize a feasible candidate aircraft configuration.,0.0,0.0,0.0,,,,,,,,,,,,
FW-C-010,Surveillance,FAIL,NO_FEASIBLE_DESIGN,0.0,0,0,0,0,Optimization engine was unable to synthesize a feasible candidate aircraft configuration.,0.0,0.0,0.0,,,,,,,,,,,,
FW-C-011,Survey,FAIL,NO_FEASIBLE_DESIGN,0.0,0,0,0,0,Optimization engine was unable to synthesize a feasible candidate aircraft configuration.,0.0,0.0,0.0,,,,,,,,,,,,
FW-C-012,Custom,FAIL,NO_FEASIBLE_DESIGN,0.0,0,0,0,0,Optimization engine was unable to synthesize a feasible candidate aircraft configuration.,0.0,0.0,0.0,,,,,,,,,,,,
FW-C-013,Training,FAIL,NO_FEASIBLE_DESIGN,0.0,0,0,0,0,Optimization engine was unable to synthesize a feasible candidate aircraft configuration.,0.0,0.0,0.0,,,,,,,,,,,,
FW-C-014,Racing,FAIL,NO_FEASIBLE_DESIGN,0.0,0,0,0,0,Optimization engine was unable to synthesize a feasible candidate aircraft configuration.,0.0,0.0,0.0,,,,,,,,,,,,
FW-C-015,Surveillance,FAIL,NO_FEASIBLE_DESIGN,0.0,0,0,0,0,Optimization engine was unable to synthesize a feasible candidate aircraft configuration.,0.0,0.0,0.0,,,,,,,,,,,,
FW-C-016,Long Endurance,FAIL,NO_FEASIBLE_DESIGN,0.0,0,0,0,0,Optimization engine was unable to synthesize a feasible candidate aircraft configuration.,0.0,0.0,0.0,,,,,,,,,,,,
FW-C-017,Research,FAIL,NO_FEASIBLE_DESIGN,0.0,0,0,0,0,Optimization engine was unable to synthesize a feasible candidate aircraft configuration.,0.0,0.0,0.0,,,,,,,,,,,,
FW-C-018,Custom,FAIL,NO_FEASIBLE_DESIGN,0.0,0,0,0,0,Optimization engine was unable to synthesize a feasible candidate aircraft configuration.,0.0,0.0,0.0,,,,,,,,,,,,
FW-C-019,Custom,FAIL,NO_FEASIBLE_DESIGN,0.0,0,0,0,0,Optimization engine was unable to synthesize a feasible candidate aircraft configuration.,0.0,0.0,0.0,,,,,,,,,,,,
FW-C-020,Research,FAIL,NO_FEASIBLE_DESIGN,0.0,0,0,0,0,Optimization engine was unable to synthesize a feasible candidate aircraft configuration.,0.0,0.0,0.0,,,,,,,,,,,,
FW-C-021,Cargo,FAIL,NO_FEASIBLE_DESIGN,0.0,0,0,0,0,Optimization engine was unable to synthesize a feasible candidate aircraft configuration.,0.0,0.0,0.0,,,,,,,,,,,,
FW-C-022,Custom,FAIL,NO_FEASIBLE_DESIGN,0.0,0,0,0,0,Optimization engine was unable to synthesize a feasible candidate aircraft configuration.,0.0,0.0,0.0,,,,,,,,,,,,
FW-C-023,Cargo,FAIL,NO_FEASIBLE_DESIGN,0.0,0,0,0,0,Optimization engine was unable to synthesize a feasible candidate aircraft configuration.,0.0,0.0,0.0,,,,,,,,,,,,
FW-C-024,Research,FAIL,NO_FEASIBLE_DESIGN,0.0,0,0,0,0,Optimization engine was unable to synthesize a feasible candidate aircraft configuration.,0.0,0.0,0.0,,,,,,,,,,,,
FW-C-025,Training,OK,CERTIFIED,100.0,14,14,0,0,No recommendations. Design is fully compliant.,8.14,0.477,0.159,Compliant,Compliant,Compliant,Compliant,Compliant,Compliant,Compliant,Compliant,Compliant,Compliant,Compliant,Compliant
FW-C-026,Cargo,FAIL,NO_FEASIBLE_DESIGN,0.0,0,0,0,0,Optimization engine was unable to synthesize a feasible candidate aircraft configuration.,0.0,0.0,0.0,,,,,,,,,,,,
FW-C-027,Racing,FAIL,NO_FEASIBLE_DESIGN,0.0,0,0,0,0,Optimization engine was unable to synthesize a feasible candidate aircraft configuration.,0.0,0.0,0.0,,,,,,,,,,,,
FW-C-028,Mapping,OK,CERTIFIED,100.0,14,14,0,0,No recommendations. Design is fully compliant.,8.72,0.5247,0.157,Compliant,Compliant,Compliant,Compliant,Compliant,Compliant,Compliant,Compliant,Compliant,Compliant,Compliant,Compliant
FW-C-029,Surveillance,OK,CERTIFIED,100.0,14,14,0,0,No recommendations. Design is fully compliant.,7.99,0.4271,0.148,Compliant,Compliant,Compliant,Compliant,Compliant,Compliant,Compliant,Compliant,Compliant,Compliant,Compliant,Compliant
FW-C-030,Cargo,FAIL,NO_FEASIBLE_DESIGN,0.0,0,0,0,0,Optimization engine was unable to synthesize a feasible candidate aircraft configuration.,0.0,0.0,0.0,,,,,,,,,,,,
FW-C-031,Long Endurance,FAIL,NO_FEASIBLE_DESIGN,0.0,0,0,0,0,Optimization engine was unable to synthesize a feasible candidate aircraft configuration.,0.0,0.0,0.0,,,,,,,,,,,,
FW-C-032,Mapping,OK,CERTIFIED,100.0,14,14,0,0,No recommendations. Design is fully compliant.,8.65,0.5038,0.147,Compliant,Compliant,Compliant,Compliant,Compliant,Compliant,Compliant,Compliant,Compliant,Compliant,Compliant,Compliant
FW-C-033,Surveillance,FAIL,NO_FEASIBLE_DESIGN,0.0,0,0,0,0,Optimization engine was unable to synthesize a feasible candidate aircraft configuration.,0.0,0.0,0.0,,,,,,,,,,,,
FW-C-034,Racing,FAIL,NO_FEASIBLE_DESIGN,0.0,0,0,0,0,Optimization engine was unable to synthesize a feasible candidate aircraft configuration.,0.0,0.0,0.0,,,,,,,,,,,,
FW-C-035,Racing,FAIL,NO_FEASIBLE_DESIGN,0.0,0,0,0,0,Optimization engine was unable to synthesize a feasible candidate aircraft configuration.,0.0,0.0,0.0,,,,,,,,,,,,
FW-C-036,Research,FAIL,NO_FEASIBLE_DESIGN,0.0,0,0,0,0,Optimization engine was unable to synthesize a feasible candidate aircraft configuration.,0.0,0.0,0.0,,,,,,,,,,,,
FW-C-037,Long Endurance,FAIL,NO_FEASIBLE_DESIGN,0.0,0,0,0,0,Optimization engine was unable to synthesize a feasible candidate aircraft configuration.,0.0,0.0,0.0,,,,,,,,,,,,
FW-C-038,Research,FAIL,NO_FEASIBLE_DESIGN,0.0,0,0,0,0,Optimization engine was unable to synthesize a feasible candidate aircraft configuration.,0.0,0.0,0.0,,,,,,,,,,,,
FW-C-039,Custom,FAIL,NO_FEASIBLE_DESIGN,0.0,0,0,0,0,Optimization engine was unable to synthesize a feasible candidate aircraft configuration.,0.0,0.0,0.0,,,,,,,,,,,,
FW-C-040,Racing,FAIL,NO_FEASIBLE_DESIGN,0.0,0,0,0,0,Optimization engine was unable to synthesize a feasible candidate aircraft configuration.,0.0,0.0,0.0,,,,,,,,,,,,
FW-C-041,Racing,FAIL,NO_FEASIBLE_DESIGN,0.0,0,0,0,0,Optimization engine was unable to synthesize a feasible candidate aircraft configuration.,0.0,0.0,0.0,,,,,,,,,,,,
FW-C-042,Cargo,FAIL,NO_FEASIBLE_DESIGN,0.0,0,0,0,0,Optimization engine was unable to synthesize a feasible candidate aircraft configuration.,0.0,0.0,0.0,,,,,,,,,,,,
FW-C-043,Research,FAIL,NO_FEASIBLE_DESIGN,0.0,0,0,0,0,Optimization engine was unable to synthesize a feasible candidate aircraft configuration.,0.0,0.0,0.0,,,,,,,,,,,,
FW-C-044,Cargo,FAIL,NO_FEASIBLE_DESIGN,0.0,0,0,0,0,Optimization engine was unable to synthesize a feasible candidate aircraft configuration.,0.0,0.0,0.0,,,,,,,,,,,,
FW-C-045,Mapping,OK,CERTIFIED,100.0,14,14,0,0,No recommendations. Design is fully compliant.,8.4,0.4434,0.151,Compliant,Compliant,Compliant,Compliant,Compliant,Compliant,Compliant,Compliant,Compliant,Compliant,Compliant,Compliant
FW-C-046,Cargo,FAIL,NO_FEASIBLE_DESIGN,0.0,0,0,0,0,Optimization engine was unable to synthesize a feasible candidate aircraft configuration.,0.0,0.0,0.0,,,,,,,,,,,,
FW-C-047,Surveillance,FAIL,NO_FEASIBLE_DESIGN,0.0,0,0,0,0,Optimization engine was unable to synthesize a feasible candidate aircraft configuration.,0.0,0.0,0.0,,,,,,,,,,,,
FW-C-048,Racing,FAIL,NO_FEASIBLE_DESIGN,0.0,0,0,0,0,Optimization engine was unable to synthesize a feasible candidate aircraft configuration.,0.0,0.0,0.0,,,,,,,,,,,,
FW-C-049,Cargo,FAIL,NO_FEASIBLE_DESIGN,0.0,0,0,0,0,Optimization engine was unable to synthesize a feasible candidate aircraft configuration.,0.0,0.0,0.0,,,,,,,,,,,,
FW-C-050,Survey,OK,CERTIFIED,100.0,14,14,0,0,No recommendations. Design is fully compliant.,8.59,0.502,0.147,Compliant,Compliant,Compliant,Compliant,Compliant,Compliant,Compliant,Compliant,Compliant,Compliant,Compliant,Compliant
FW-C-051,Mapping,OK,CERTIFIED,100.0,14,14,0,0,No recommendations. Design is fully compliant.,8.65,0.5121,0.151,Compliant,Compliant,Compliant,Compliant,Compliant,Compliant,Compliant,Compliant,Compliant,Compliant,Compliant,Compliant
FW-C-052,Survey,FAIL,NO_FEASIBLE_DESIGN,0.0,0,0,0,0,Optimization engine was unable to synthesize a feasible candidate aircraft configuration.,0.0,0.0,0.0,,,,,,,,,,,,
FW-C-053,Custom,FAIL,NO_FEASIBLE_DESIGN,0.0,0,0,0,0,Optimization engine was unable to synthesize a feasible candidate aircraft configuration.,0.0,0.0,0.0,,,,,,,,,,,,
FW-C-054,Surveillance,FAIL,NO_FEASIBLE_DESIGN,0.0,0,0,0,0,Optimization engine was unable to synthesize a feasible candidate aircraft configuration.,0.0,0.0,0.0,,,,,,,,,,,,
FW-C-055,Agriculture,FAIL,NO_FEASIBLE_DESIGN,0.0,0,0,0,0,Optimization engine was unable to synthesize a feasible candidate aircraft configuration.,0.0,0.0,0.0,,,,,,,,,,,,
FW-C-056,Agriculture,FAIL,NO_FEASIBLE_DESIGN,0.0,0,0,0,0,Optimization engine was unable to synthesize a feasible candidate aircraft configuration.,0.0,0.0,0.0,,,,,,,,,,,,
FW-C-057,Training,OK,CERTIFIED,100.0,14,14,0,0,No recommendations. Design is fully compliant.,7.72,0.4233,0.15,Compliant,Compliant,Compliant,Compliant,Compliant,Compliant,Compliant,Compliant,Compliant,Compliant,Compliant,Compliant
FW-C-058,Custom,FAIL,NO_FEASIBLE_DESIGN,0.0,0,0,0,0,Optimization engine was unable to synthesize a feasible candidate aircraft configuration.,0.0,0.0,0.0,,,,,,,,,,,,
FW-C-059,Custom,OK,CERTIFIED,100.0,14,14,0,0,No recommendations. Design is fully compliant.,8.41,0.5523,0.155,Compliant,Compliant,Compliant,Compliant,Compliant,Compliant,Compliant,Compliant,Compliant,Compliant,Compliant,Compliant
FW-C-060,Training,FAIL,NO_FEASIBLE_DESIGN,0.0,0,0,0,0,Optimization engine was unable to synthesize a feasible candidate aircraft configuration.,0.0,0.0,0.0,,,,,,,,,,,,
FW-C-061,Agriculture,FAIL,NO_FEASIBLE_DESIGN,0.0,0,0,0,0,Optimization engine was unable to synthesize a feasible candidate aircraft configuration.,0.0,0.0,0.0,,,,,,,,,,,,
FW-C-062,Agriculture,FAIL,NO_FEASIBLE_DESIGN,0.0,0,0,0,0,Optimization engine was unable to synthesize a feasible candidate aircraft configuration.,0.0,0.0,0.0,,,,,,,,,,,,
FW-C-063,Surveillance,FAIL,NO_FEASIBLE_DESIGN,0.0,0,0,0,0,Optimization engine was unable to synthesize a feasible candidate aircraft configuration.,0.0,0.0,0.0,,,,,,,,,,,,
FW-C-064,Racing,FAIL,NO_FEASIBLE_DESIGN,0.0,0,0,0,0,Optimization engine was unable to synthesize a feasible candidate aircraft configuration.,0.0,0.0,0.0,,,,,,,,,,,,
FW-C-065,Long Endurance,FAIL,NO_FEASIBLE_DESIGN,0.0,0,0,0,0,Optimization engine was unable to synthesize a feasible candidate aircraft configuration.,0.0,0.0,0.0,,,,,,,,,,,,
FW-C-066,Surveillance,FAIL,NO_FEASIBLE_DESIGN,0.0,0,0,0,0,Optimization engine was unable to synthesize a feasible candidate aircraft configuration.,0.0,0.0,0.0,,,,,,,,,,,,
FW-C-067,Surveillance,OK,CERTIFIED,100.0,14,14,0,0,No recommendations. Design is fully compliant.,8.23,0.4962,0.155,Compliant,Compliant,Compliant,Compliant,Compliant,Compliant,Compliant,Compliant,Compliant,Compliant,Compliant,Compliant
FW-C-068,Agriculture,FAIL,NO_FEASIBLE_DESIGN,0.0,0,0,0,0,Optimization engine was unable to synthesize a feasible candidate aircraft configuration.,0.0,0.0,0.0,,,,,,,,,,,,
FW-C-069,Long Endurance,FAIL,NO_FEASIBLE_DESIGN,0.0,0,0,0,0,Optimization engine was unable to synthesize a feasible candidate aircraft configuration.,0.0,0.0,0.0,,,,,,,,,,,,
FW-C-070,Research,FAIL,NO_FEASIBLE_DESIGN,0.0,0,0,0,0,Optimization engine was unable to synthesize a feasible candidate aircraft configuration.,0.0,0.0,0.0,,,,,,,,,,,,
FW-C-071,Training,FAIL,NO_FEASIBLE_DESIGN,0.0,0,0,0,0,Optimization engine was unable to synthesize a feasible candidate aircraft configuration.,0.0,0.0,0.0,,,,,,,,,,,,
FW-C-072,Training,FAIL,NO_FEASIBLE_DESIGN,0.0,0,0,0,0,Optimization engine was unable to synthesize a feasible candidate aircraft configuration.,0.0,0.0,0.0,,,,,,,,,,,,
FW-C-073,Cargo,FAIL,NO_FEASIBLE_DESIGN,0.0,0,0,0,0,Optimization engine was unable to synthesize a feasible candidate aircraft configuration.,0.0,0.0,0.0,,,,,,,,,,,,
FW-C-074,Custom,FAIL,NO_FEASIBLE_DESIGN,0.0,0,0,0,0,Optimization engine was unable to synthesize a feasible candidate aircraft configuration.,0.0,0.0,0.0,,,,,,,,,,,,
FW-C-075,Cargo,FAIL,NO_FEASIBLE_DESIGN,0.0,0,0,0,0,Optimization engine was unable to synthesize a feasible candidate aircraft configuration.,0.0,0.0,0.0,,,,,,,,,,,,
FW-C-076,Research,OK,CERTIFIED,100.0,14,14,0,0,No recommendations. Design is fully compliant.,8.14,0.4718,0.147,Compliant,Compliant,Compliant,Compliant,Compliant,Compliant,Compliant,Compliant,Compliant,Compliant,Compliant,Compliant
FW-C-077,Survey,FAIL,NO_FEASIBLE_DESIGN,0.0,0,0,0,0,Optimization engine was unable to synthesize a feasible candidate aircraft configuration.,0.0,0.0,0.0,,,,,,,,,,,,
FW-C-078,Training,FAIL,NO_FEASIBLE_DESIGN,0.0,0,0,0,0,Optimization engine was unable to synthesize a feasible candidate aircraft configuration.,0.0,0.0,0.0,,,,,,,,,,,,
FW-C-079,Survey,FAIL,NO_FEASIBLE_DESIGN,0.0,0,0,0,0,Optimization engine was unable to synthesize a feasible candidate aircraft configuration.,0.0,0.0,0.0,,,,,,,,,,,,
FW-C-080,Survey,FAIL,NO_FEASIBLE_DESIGN,0.0,0,0,0,0,Optimization engine was unable to synthesize a feasible candidate aircraft configuration.,0.0,0.0,0.0,,,,,,,,,,,,
FW-C-081,Long Endurance,FAIL,NO_FEASIBLE_DESIGN,0.0,0,0,0,0,Optimization engine was unable to synthesize a feasible candidate aircraft configuration.,0.0,0.0,0.0,,,,,,,,,,,,
FW-C-082,Agriculture,FAIL,NO_FEASIBLE_DESIGN,0.0,0,0,0,0,Optimization engine was unable to synthesize a feasible candidate aircraft configuration.,0.0,0.0,0.0,,,,,,,,,,,,
FW-C-083,Custom,FAIL,NO_FEASIBLE_DESIGN,0.0,0,0,0,0,Optimization engine was unable to synthesize a feasible candidate aircraft configuration.,0.0,0.0,0.0,,,,,,,,,,,,
FW-C-084,Cargo,FAIL,NO_FEASIBLE_DESIGN,0.0,0,0,0,0,Optimization engine was unable to synthesize a feasible candidate aircraft configuration.,0.0,0.0,0.0,,,,,,,,,,,,
FW-C-085,Training,OK,CERTIFIED,100.0,14,14,0,0,No recommendations. Design is fully compliant.,7.78,0.4432,0.153,Compliant,Compliant,Compliant,Compliant,Compliant,Compliant,Compliant,Compliant,Compliant,Compliant,Compliant,Compliant
FW-C-086,Mapping,FAIL,NO_FEASIBLE_DESIGN,0.0,0,0,0,0,Optimization engine was unable to synthesize a feasible candidate aircraft configuration.,0.0,0.0,0.0,,,,,,,,,,,,
FW-C-087,Training,FAIL,NO_FEASIBLE_DESIGN,0.0,0,0,0,0,Optimization engine was unable to synthesize a feasible candidate aircraft configuration.,0.0,0.0,0.0,,,,,,,,,,,,
FW-C-088,Research,OK,CERTIFIED,100.0,14,14,0,0,No recommendations. Design is fully compliant.,8.43,0.5502,0.155,Compliant,Compliant,Compliant,Compliant,Compliant,Compliant,Compliant,Compliant,Compliant,Compliant,Compliant,Compliant
FW-C-089,Custom,FAIL,NO_FEASIBLE_DESIGN,0.0,0,0,0,0,Optimization engine was unable to synthesize a feasible candidate aircraft configuration.,0.0,0.0,0.0,,,,,,,,,,,,
FW-C-090,Cargo,FAIL,NO_FEASIBLE_DESIGN,0.0,0,0,0,0,Optimization engine was unable to synthesize a feasible candidate aircraft configuration.,0.0,0.0,0.0,,,,,,,,,,,,
FW-C-091,Mapping,OK,CERTIFIED,100.0,14,14,0,0,No recommendations. Design is fully compliant.,8.78,0.5568,0.151,Compliant,Compliant,Compliant,Compliant,Compliant,Compliant,Compliant,Compliant,Compliant,Compliant,Compliant,Compliant
FW-C-092,Agriculture,FAIL,NO_FEASIBLE_DESIGN,0.0,0,0,0,0,Optimization engine was unable to synthesize a feasible candidate aircraft configuration.,0.0,0.0,0.0,,,,,,,,,,,,
FW-C-093,Research,FAIL,NO_FEASIBLE_DESIGN,0.0,0,0,0,0,Optimization engine was unable to synthesize a feasible candidate aircraft configuration.,0.0,0.0,0.0,,,,,,,,,,,,
FW-C-094,Training,FAIL,NO_FEASIBLE_DESIGN,0.0,0,0,0,0,Optimization engine was unable to synthesize a feasible candidate aircraft configuration.,0.0,0.0,0.0,,,,,,,,,,,,
FW-C-095,Research,FAIL,NO_FEASIBLE_DESIGN,0.0,0,0,0,0,Optimization engine was unable to synthesize a feasible candidate aircraft configuration.,0.0,0.0,0.0,,,,,,,,,,,,
FW-C-096,Training,FAIL,NO_FEASIBLE_DESIGN,0.0,0,0,0,0,Optimization engine was unable to synthesize a feasible candidate aircraft configuration.,0.0,0.0,0.0,,,,,,,,,,,,
FW-C-097,Mapping,FAIL,NO_FEASIBLE_DESIGN,0.0,0,0,0,0,Optimization engine was unable to synthesize a feasible candidate aircraft configuration.,0.0,0.0,0.0,,,,,,,,,,,,
FW-C-098,Cargo,FAIL,NO_FEASIBLE_DESIGN,0.0,0,0,0,0,Optimization engine was unable to synthesize a feasible candidate aircraft configuration.,0.0,0.0,0.0,,,,,,,,,,,,
FW-C-099,Surveillance,FAIL,NO_FEASIBLE_DESIGN,0.0,0,0,0,0,Optimization engine was unable to synthesize a feasible candidate aircraft configuration.,0.0,0.0,0.0,,,,,,,,,,,,
FW-C-100,Custom,FAIL,NO_FEASIBLE_DESIGN,0.0,0,0,0,0,Optimization engine was unable to synthesize a feasible candidate aircraft configuration.,0.0,0.0,0.0,,,,,,,,,,,,
