case_id,success,evaluated_count,rejected_count,optimal_ar,optimal_taper,optimal_sweep,optimal_dihedral,optimization_score,wing_area_m2,wing_span_m,root_chord_m,tip_chord_m,mac_m,wing_loading_kg_m2
FW-001,SUCCESS,5292,0,10.0,0.35,0.0,0.0,-0.522,0.2598,1.612,0.239,0.084,0.174,13.66
FW-002,SUCCESS,5292,0,8.0,0.35,0.0,0.0,-0.4998,0.2196,1.325,0.245,0.086,0.178,13.66
FW-003,SUCCESS,5292,0,8.0,0.35,0.0,0.0,-0.5541,0.3074,1.568,0.196,0.196,0.196,13.66
FW-004,SUCCESS,5292,0,8.0,0.35,0.0,0.0,-0.5012,0.2489,1.411,0.261,0.091,0.19,13.66
FW-005,SUCCESS,5292,0,10.0,0.35,0.0,0.0,-0.5542,0.3257,1.805,0.267,0.094,0.194,13.66
FW-006,SUCCESS,5292,0,8.0,0.35,0.0,0.0,-0.5242,0.2196,1.325,0.166,0.166,0.166,13.66
FW-007,SUCCESS,5292,0,10.0,0.35,0.0,0.0,-0.4358,0.2855,1.69,0.25,0.088,0.182,13.66
FW-008,SUCCESS,5292,0,8.0,0.35,0.0,0.0,-0.4632,0.2196,1.325,0.166,0.166,0.166,13.66
FW-009,SUCCESS,5292,0,8.0,0.35,0.0,0.0,-0.4983,0.2196,1.325,0.166,0.166,0.166,13.66
FW-010,SUCCESS,5292,0,10.0,0.35,0.0,0.0,-0.5488,0.2196,1.482,0.22,0.077,0.16,13.66
FW-011,SUCCESS,5292,0,10.0,0.35,0.0,0.0,-0.4801,0.2196,1.482,0.22,0.077,0.16,13.66
FW-012,SUCCESS,5292,0,8.0,0.35,0.0,0.0,-0.5152,0.2196,1.325,0.245,0.086,0.178,13.66
FW-013,SUCCESS,5292,0,10.0,0.35,0.0,0.0,-0.4492,0.2232,1.494,0.221,0.077,0.161,13.66
FW-014,SUCCESS,5292,0,8.0,0.35,0.0,0.0,-0.5855,0.2269,1.347,0.168,0.168,0.168,13.66
FW-015,SUCCESS,5292,0,10.0,0.35,0.0,0.0,-0.4391,0.2196,1.482,0.22,0.077,0.16,13.66
FW-016,SUCCESS,5292,0,10.0,0.35,0.0,0.0,-0.4423,0.2269,1.506,0.223,0.078,0.162,13.66
FW-017,SUCCESS,5292,0,8.0,0.35,0.0,0.0,-0.5453,0.2196,1.325,0.166,0.166,0.166,13.66
FW-018,SUCCESS,5292,0,8.0,0.35,0.0,0.0,-0.5811,0.2818,1.501,0.188,0.188,0.188,13.66
FW-019,SUCCESS,5292,0,10.0,0.35,0.0,0.0,-0.4744,0.2306,1.518,0.225,0.079,0.164,13.66
FW-020,SUCCESS,5292,0,10.0,0.35,0.0,0.0,-0.5566,0.2196,1.482,0.22,0.077,0.16,13.66
FW-021,SUCCESS,5292,0,9.0,0.35,0.0,0.0,-0.4773,0.505,2.132,0.351,0.123,0.255,13.66
FW-022,SUCCESS,5292,0,10.0,0.35,0.0,0.0,-0.4956,0.4392,2.096,0.31,0.109,0.226,13.66
FW-023,SUCCESS,5292,1764,8.0,0.35,0.0,0.0,-0.4145,0.6587,2.296,0.425,0.149,0.309,13.66
FW-024,SUCCESS,5292,4116,8.0,0.35,0.0,0.0,-0.4791,0.9405,2.743,0.508,0.178,0.369,13.66
FW-025,SUCCESS,5292,0,8.0,0.35,0.0,0.0,-0.428,0.4062,1.803,0.334,0.117,0.243,13.66
FW-026,SUCCESS,5292,0,8.0,0.35,0.0,0.0,-0.4227,0.4172,1.827,0.338,0.118,0.246,13.66
FW-027,SUCCESS,5292,2940,8.0,0.35,0.0,0.0,-0.429,0.7502,2.45,0.454,0.159,0.33,13.66
FW-028,SUCCESS,5292,588,10.0,0.35,0.0,0.0,-0.4297,0.5965,2.442,0.362,0.127,0.263,13.66
FW-029,SUCCESS,5292,1176,9.0,0.35,0.0,0.0,-0.4604,0.6221,2.366,0.39,0.136,0.283,13.66
FW-030,SUCCESS,5292,2940,8.0,0.35,0.0,0.0,-0.4181,0.7722,2.485,0.46,0.161,0.335,13.66
FW-031,SUCCESS,5292,2940,8.0,0.35,0.0,0.0,-0.4338,0.8088,2.544,0.471,0.165,0.343,13.66
FW-032,SUCCESS,5292,588,8.0,0.35,0.0,0.0,-0.4388,0.5672,2.13,0.395,0.138,0.287,13.66
FW-033,SUCCESS,5292,0,10.0,0.35,0.0,0.0,-0.4025,0.3733,1.932,0.286,0.1,0.208,13.66
FW-034,SUCCESS,5292,588,8.0,0.35,0.0,0.0,-0.4229,0.5929,2.178,0.403,0.141,0.293,13.66
FW-035,SUCCESS,5292,2940,8.0,0.35,0.0,0.0,-0.426,0.7758,2.491,0.461,0.162,0.336,13.66
FW-036,SUCCESS,5292,1176,8.0,0.35,0.0,0.0,-0.4223,0.6075,2.204,0.408,0.143,0.297,13.66
FW-037,SUCCESS,5292,4116,8.0,0.35,0.0,0.0,-0.4457,0.9954,2.822,0.523,0.183,0.38,13.66
FW-038,SUCCESS,5292,588,9.0,0.35,0.0,0.0,-0.4538,0.5709,2.267,0.373,0.131,0.271,13.66
FW-039,SUCCESS,5292,2940,8.0,0.35,0.0,0.0,-0.4371,0.7905,2.515,0.466,0.163,0.339,13.66
FW-040,SUCCESS,5292,4704,8.0,0.35,0.0,0.0,-0.4477,1.0247,2.863,0.53,0.186,0.386,13.66
FW-041,SUCCESS,5292,3528,8.0,0.35,0.0,0.0,-0.4157,0.8234,2.567,0.475,0.166,0.346,13.66
FW-042,SUCCESS,5292,0,8.0,0.35,0.0,0.0,-0.4323,0.505,2.01,0.372,0.13,0.271,13.66
FW-043,SUCCESS,5292,0,9.0,0.35,0.0,0.0,-0.4583,0.5197,2.163,0.356,0.125,0.259,13.66
FW-044,SUCCESS,5292,4704,8.0,0.35,0.0,0.0,-0.464,1.0686,2.924,0.541,0.19,0.394,13.66
FW-045,SUCCESS,5292,0,10.0,0.35,0.0,0.0,-0.4192,0.4721,2.173,0.322,0.113,0.234,13.66
FW-046,FAILED,5292,5292,,,,,,,,,,,
FW-047,FAILED,5292,5292,,,,,,,,,,,
FW-048,FAILED,5292,5292,,,,,,,,,,,
FW-049,FAILED,5292,5292,,,,,,,,,,,
FW-050,FAILED,5292,5292,,,,,,,,,,,
FW-051,FAILED,5292,5292,,,,,,,,,,,
FW-052,FAILED,5292,5292,,,,,,,,,,,
FW-053,FAILED,5292,5292,,,,,,,,,,,
FW-054,FAILED,5292,5292,,,,,,,,,,,
FW-055,FAILED,5292,5292,,,,,,,,,,,
FW-056,FAILED,5292,5292,,,,,,,,,,,
FW-057,FAILED,5292,5292,,,,,,,,,,,
FW-058,FAILED,5292,5292,,,,,,,,,,,
FW-059,FAILED,5292,5292,,,,,,,,,,,
FW-060,FAILED,5292,5292,,,,,,,,,,,
FW-061,FAILED,5292,5292,,,,,,,,,,,
FW-062,FAILED,5292,5292,,,,,,,,,,,
FW-063,FAILED,5292,5292,,,,,,,,,,,
FW-064,FAILED,5292,5292,,,,,,,,,,,
FW-065,FAILED,5292,5292,,,,,,,,,,,
FW-066,FAILED,5292,5292,,,,,,,,,,,
FW-067,FAILED,5292,5292,,,,,,,,,,,
FW-068,FAILED,5292,5292,,,,,,,,,,,
FW-069,FAILED,5292,5292,,,,,,,,,,,
FW-070,FAILED,5292,5292,,,,,,,,,,,
FW-071,FAILED,5292,5292,,,,,,,,,,,
FW-072,FAILED,5292,5292,,,,,,,,,,,
FW-073,FAILED,5292,5292,,,,,,,,,,,
FW-074,FAILED,5292,5292,,,,,,,,,,,
FW-075,FAILED,5292,5292,,,,,,,,,,,
FW-076,FAILED,5292,5292,,,,,,,,,,,
FW-077,FAILED,5292,5292,,,,,,,,,,,
FW-078,FAILED,5292,5292,,,,,,,,,,,
FW-079,FAILED,5292,5292,,,,,,,,,,,
FW-080,FAILED,5292,5292,,,,,,,,,,,
FW-081,FAILED,5292,5292,,,,,,,,,,,
FW-082,SUCCESS,5292,0,9.0,0.35,0.0,0.0,-0.4239,0.4575,2.029,0.334,0.117,0.243,13.66
FW-083,FAILED,5292,5292,,,,,,,,,,,
FW-084,FAILED,5292,5292,,,,,,,,,,,
FW-085,FAILED,5292,5292,,,,,,,,,,,
FW-086,SUCCESS,5292,0,8.0,0.35,0.0,0.0,-0.4457,0.355,1.685,0.312,0.109,0.227,13.66
FW-087,SUCCESS,5292,0,10.0,0.35,0.0,0.0,-0.3959,0.3733,1.932,0.286,0.1,0.208,13.66
FW-088,FAILED,5292,5292,,,,,,,,,,,
FW-089,SUCCESS,5292,0,9.0,0.35,0.0,0.0,-0.4201,0.2306,1.44,0.237,0.083,0.172,13.66
FW-090,SUCCESS,5292,0,8.0,0.35,0.0,0.0,-0.4915,0.3696,1.72,0.318,0.112,0.232,13.66
FW-091,SUCCESS,5292,0,10.0,0.35,0.0,0.0,-0.8588,0.366,1.913,0.283,0.099,0.206,13.66
FW-092,FAILED,5292,5292,,,,,,,,,,,
FW-093,SUCCESS,5292,0,9.0,0.35,0.0,0.0,-0.4439,0.366,1.815,0.299,0.105,0.217,13.66
FW-094,SUCCESS,5292,0,8.0,0.35,0.0,0.0,-0.3963,0.5489,2.096,0.388,0.136,0.282,13.66
FW-095,SUCCESS,5292,2352,8.0,0.35,0.0,0.0,-0.3681,0.7319,2.42,0.448,0.157,0.326,13.66
FW-096,FAILED,5292,5292,,,,,,,,,,,
FW-097,SUCCESS,5292,4704,8.0,0.35,0.0,0.0,-0.4095,1.0979,2.964,0.549,0.192,0.399,13.66
FW-098,SUCCESS,5292,0,10.0,0.35,0.0,0.0,-0.4323,0.366,1.913,0.283,0.099,0.206,13.66
FW-099,FAILED,5292,5292,,,,,,,,,,,
FW-100,FAILED,5292,5292,,,,,,,,,,,
